meme_id,culture,language,image_path,text,n_hate,n_total,label
0,CN,zh,/kaggle/working/Multi3Hate/data/memes/zh/skeptical-black-kid/0.jpg,所以你是说  /  你吃得太多了，你想减肥？,2,5,0
0,DE,de,/kaggle/working/Multi3Hate/data/memes/de/skeptical-black-kid/0.jpg,also willst du mir sagen:  /  Du isst zu viel und möchtest abnehmen?,2,5,0
0,IN,hi,/kaggle/working/Multi3Hate/data/memes/hi/skeptical-black-kid/0.jpg,तो आप मुझसे कह रहे हैं  /  आप बहुत ज्यादा खाते हैं और आप अपना वजन कम करना चाहते हैं?,1,5,0
0,MX,es,/kaggle/working/Multi3Hate/data/memes/es/skeptical-black-kid/0.jpg,Entonces me estás diciendo  /  que comes demasiado y quieres perder peso?,2,5,0
0,US,en,/kaggle/working/Multi3Hate/data/memes/en/skeptical-black-kid/0.jpg,So You're telling me  /  You eat too much and you want to lose weight?,0,5,0
1,CN,zh,/kaggle/working/Multi3Hate/data/memes/zh/skeptical-black-kid/1.jpg,嗯...  /  你说炸鸡,1,5,0
1,DE,de,/kaggle/working/Multi3Hate/data/memes/de/skeptical-black-kid/1.jpg,"Hmmm ...  /  Frittiertes Hühnchen, sagst du",1,5,0
1,IN,hi,/kaggle/working/Multi3Hate/data/memes/hi/skeptical-black-kid/1.jpg,हम्म्म...  /  फ्राइड चिकन आप कहते हैं,2,5,0
1,MX,es,/kaggle/working/Multi3Hate/data/memes/es/skeptical-black-kid/1.jpg,"Hmmm...  /  ¿Pollo frito, dices?",4,5,1
1,US,en,/kaggle/working/Multi3Hate/data/memes/en/skeptical-black-kid/1.jpg,Hmmm...  /  Fried chicken you say,5,5,1
2,CN,zh,/kaggle/working/Multi3Hate/data/memes/zh/skeptical-black-kid/2.jpg,所以如果我像对待狗屎一样对待女性  /  我会和她们相处得更好吗？太棒了！,3,5,1
2,DE,de,/kaggle/working/Multi3Hate/data/memes/de/skeptical-black-kid/2.jpg,Wenn ich Frauen also wie Dreck behandle  /  werde ich mit ihnen besser zurechtkommen? Cool!,5,5,1
2,IN,hi,/kaggle/working/Multi3Hate/data/memes/hi/skeptical-black-kid/2.jpg,तो अगर मैं महिलाओं के साथ गन्दा व्यवहार करूँगा   /  तो मैं उनके साथ बेहतर करूँगा? बढ़िया!,5,5,1
2,MX,es,/kaggle/working/Multi3Hate/data/memes/es/skeptical-black-kid/2.jpg,Piensas que trato a las mujeres mal?   /  espera a ver lo que puedo hacer con ellas,4,4,1
2,US,en,/kaggle/working/Multi3Hate/data/memes/en/skeptical-black-kid/2.jpg,So if i treat women like shit  /  i will do better with them? Cool!,4,5,1
3,CN,zh,/kaggle/working/Multi3Hate/data/memes/zh/skeptical-black-kid/3.jpg,所以你是说  /  麦克白实际上相信了三个陌生的女巫。,0,4,0
3,DE,de,/kaggle/working/Multi3Hate/data/memes/de/skeptical-black-kid/3.jpg,"Sie wollen mir also erzählen,  /  dass Macbeth tatsächlich drei zufällig ausgewählten Hexen vertraut hat.",0,5,0
3,IN,hi,/kaggle/working/Multi3Hate/data/memes/hi/skeptical-black-kid/3.jpg,तो आप मुझे बता रहे हैं  /  मैकबेथ वास्तव में तीन चुड़ैलों पर भरोसा करता था।,3,5,1
3,MX,es,/kaggle/working/Multi3Hate/data/memes/es/skeptical-black-kid/3.jpg,Así que me estás diciendo  /  que Macbeth en realidad confió en tres brujas al azar.,0,5,0
3,US,en,/kaggle/working/Multi3Hate/data/memes/en/skeptical-black-kid/3.jpg,So you're telling me  /  that Macbeth actually trusted three random witches.,0,4,0
4,CN,zh,/kaggle/working/Multi3Hate/data/memes/zh/skeptical-black-kid/4.jpg,所以你感到沮丧  /  因为你太胖了？,3,5,1
4,DE,de,/kaggle/working/Multi3Hate/data/memes/de/skeptical-black-kid/4.jpg,also du hast dich deprimiert gefühlt  /  weil du zu dick warst?,3,4,1
4,IN,hi,/kaggle/working/Multi3Hate/data/memes/hi/skeptical-black-kid/4.jpg,तो आप उदास महसूस करते थे  /  क्योंकि आप बहुत मोटे थे?,4,4,1
4,MX,es,/kaggle/working/Multi3Hate/data/memes/es/skeptical-black-kid/4.jpg,¿Entonces te sentiste deprimido  /  porque estabas demasiado gordo?,3,5,1
4,US,en,/kaggle/working/Multi3Hate/data/memes/en/skeptical-black-kid/4.jpg,so you felt depressed  /  because you were too fat?,2,3,1
5,CN,zh,/kaggle/working/Multi3Hate/data/memes/zh/skeptical-black-kid/5.jpg,所以你告诉我  /  埃及人刚刚离开,4,5,1
5,DE,de,/kaggle/working/Multi3Hate/data/memes/de/skeptical-black-kid/5.jpg,also sagst du mir  /  die Ägypter sind einfach gegangen,1,3,0
5,IN,hi,/kaggle/working/Multi3Hate/data/memes/hi/skeptical-black-kid/5.jpg,तो आप मुझे बता रहे हैं  /  मिस्रवासी अभी-अभी चले गए,0,5,0
5,MX,es,/kaggle/working/Multi3Hate/data/memes/es/skeptical-black-kid/5.jpg,entonces me estás diciendo  /  los egipcios acaban de irse,3,5,1
5,US,en,/kaggle/working/Multi3Hate/data/memes/en/skeptical-black-kid/5.jpg,so your telling me  /  the egyptians just left,2,5,0
6,CN,zh,/kaggle/working/Multi3Hate/data/memes/zh/skeptical-black-kid/6.jpg,所以你是说  /  我一周 7 天都可以玩 Xbox 6？,2,5,0
6,DE,de,/kaggle/working/Multi3Hate/data/memes/de/skeptical-black-kid/6.jpg,"also willst du mir sagen,  /  dass ich an 7 Tagen in der Woche Xbox 6 spielen kann?",0,5,0
6,IN,hi,/kaggle/working/Multi3Hate/data/memes/hi/skeptical-black-kid/6.jpg,तो आप मुझे बता रहे हैं  /  मैं सप्ताह के 7 दिनों में से 6 दिन Xbox खेल सकता हूँ?,0,4,0
6,MX,es,/kaggle/working/Multi3Hate/data/memes/es/skeptical-black-kid/6.jpg,así que me estás diciendo  /  ¿Puedo jugar Xbox 6 los 7 días de la semana?,0,5,0
6,US,en,/kaggle/working/Multi3Hate/data/memes/en/skeptical-black-kid/6.jpg,so you're telling me  /  i can play xbox 6 of the 7 days of the week?,0,5,0
7,CN,zh,/kaggle/working/Multi3Hate/data/memes/zh/skeptical-black-kid/7.jpg,所以你是说  /  你已经调整了我们的成绩,1,5,0
7,DE,de,/kaggle/working/Multi3Hate/data/memes/de/skeptical-black-kid/7.jpg,also willst du mir sagen  /  du hast unsere Noten bereits angepasst,1,5,0
7,IN,hi,/kaggle/working/Multi3Hate/data/memes/hi/skeptical-black-kid/7.jpg,तो आप मुझे बता रहे हैं  /  आपने पहले ही हमारे ग्रेड समायोजित कर दिए हैं,1,5,0
7,MX,es,/kaggle/working/Multi3Hate/data/memes/es/skeptical-black-kid/7.jpg,así que me estás diciendo  /  Ya ajustaste nuestras calificaciones,1,5,0
7,US,en,/kaggle/working/Multi3Hate/data/memes/en/skeptical-black-kid/7.jpg,so you're telling me  /  you already adjusted our grades,0,5,0
8,CN,zh,/kaggle/working/Multi3Hate/data/memes/zh/American-Pride-Eagle/8.jpg,我发现这个邮件组缺乏活力  /  非常令人不安,2,5,0
8,DE,de,/kaggle/working/Multi3Hate/data/memes/de/American-Pride-Eagle/8.jpg,Ich finde den Mangel an Energie in dieser Mailgruppe  /  sehr störend,0,5,0
8,IN,hi,/kaggle/working/Multi3Hate/data/memes/hi/American-Pride-Eagle/8.jpg,मुझे इस मेल समूह में ऊर्जा की कमी /  बहुत परेशान करने वाली लगती है,2,5,0
8,MX,es,/kaggle/working/Multi3Hate/data/memes/es/American-Pride-Eagle/8.jpg,Encuentro falta de energía en este grupo de correo  /  muy inquietante,0,5,0
8,US,en,/kaggle/working/Multi3Hate/data/memes/en/American-Pride-Eagle/8.jpg,I find lack of energy in this mail group  /  very disturbing,0,4,0
9,CN,zh,/kaggle/working/Multi3Hate/data/memes/zh/American-Pride-Eagle/9.jpg,支持我们的军队，混蛋！  /  否则我们会因逃税而把你关起来！！！,5,5,1
9,DE,de,/kaggle/working/Multi3Hate/data/memes/de/American-Pride-Eagle/9.jpg,"Unterstütze unsere Truppen, Arschloch!  /  Oder wir sperren dich wegen Steuerhinterziehung ein!!!",3,5,1
9,IN,hi,/kaggle/working/Multi3Hate/data/memes/hi/American-Pride-Eagle/9.jpg,"हमारे सैनिकों का समर्थन करो, मादरचोद!  /  या हम कर चोरी के लिए तुम्हें जेल में बंद कर देंगे!!!",5,5,1
9,MX,es,/kaggle/working/Multi3Hate/data/memes/es/American-Pride-Eagle/9.jpg,"¡Apoya a nuestras tropas, hijo de puta!  /  ¡O te meteremos en la cárcel por evasión de impuestos!",5,5,1
9,US,en,/kaggle/working/Multi3Hate/data/memes/en/American-Pride-Eagle/9.jpg,"Support Our Troops, Motherfucker!  /  Or we'll lock your ass up for tax evasion!!!",0,4,0
10,CN,zh,/kaggle/working/Multi3Hate/data/memes/zh/American-Pride-Eagle/10.jpg,我们不光用你的语言而且改进了你的语言 / 不用谢,5,5,1
10,DE,de,/kaggle/working/Multi3Hate/data/memes/de/American-Pride-Eagle/10.jpg,habe deine SPRACHE genommen und verbessert  /  gern geschehen,2,5,0
10,IN,hi,/kaggle/working/Multi3Hate/data/memes/hi/American-Pride-Eagle/10.jpg,आपकी भाषा ली और उसमें सुधार किया  /  आपका स्वागत है,2,5,0
10,MX,es,/kaggle/working/Multi3Hate/data/memes/es/American-Pride-Eagle/10.jpg,Tomamos tu IDIOMA y lo mejoramos  /  de nada,4,5,1
10,US,en,/kaggle/working/Multi3Hate/data/memes/en/American-Pride-Eagle/10.jpg,took your LANGUAGE and improved it  /  you are welcome,4,5,1
11,CN,zh,/kaggle/working/Multi3Hate/data/memes/zh/American-Pride-Eagle/11.jpg,对我的承诺  /  被打破了,3,5,1
11,DE,de,/kaggle/working/Multi3Hate/data/memes/de/American-Pride-Eagle/11.jpg,ein Versprechen an mich  /  wurde gebrochen,0,4,0
11,IN,hi,/kaggle/working/Multi3Hate/data/memes/hi/American-Pride-Eagle/11.jpg,मुझसे किया गया वादा  / तोड़ा गया,1,5,0
11,MX,es,/kaggle/working/Multi3Hate/data/memes/es/American-Pride-Eagle/11.jpg,Una promesa hecha a mí  /  fue rota,1,5,0
11,US,en,/kaggle/working/Multi3Hate/data/memes/en/American-Pride-Eagle/11.jpg,a promise to me  /  was broken,0,5,0
12,CN,zh,/kaggle/working/Multi3Hate/data/memes/zh/American-Pride-Eagle/12.jpg,陷入债务  /  开始传播自由,5,5,1
12,DE,de,/kaggle/working/Multi3Hate/data/memes/de/American-Pride-Eagle/12.jpg,"Verschuldet sich  /  Beginnt, Freiheit zu verbreiten",3,5,1
12,IN,hi,/kaggle/working/Multi3Hate/data/memes/hi/American-Pride-Eagle/12.jpg,कर्ज में डूब जाता है  /  आजादी फैलाना शुरू करता है,3,5,1
12,MX,es,/kaggle/working/Multi3Hate/data/memes/es/American-Pride-Eagle/12.jpg,Se endeuda  /  Comienza a difundir la libertad,2,3,1
12,US,en,/kaggle/working/Multi3Hate/data/memes/en/American-Pride-Eagle/12.jpg,Gets into Debt  /  Starts spreading freedom,0,5,0
13,CN,zh,/kaggle/working/Multi3Hate/data/memes/zh/American-Pride-Eagle/13.jpg,在油管上看到非英语评论 / 请说英语,5,5,1
13,DE,de,/kaggle/working/Multi3Hate/data/memes/de/American-Pride-Eagle/13.jpg,SIEHT KOMMENTARE ZUM YOUTUBE-VIDEO EINES NICHT ENGLISCH SPRECHENDEN LANDES  /  ENGLISCH BITTE,1,4,0
13,IN,hi,/kaggle/working/Multi3Hate/data/memes/hi/American-Pride-Eagle/13.jpg,अंग्रेजी न बोलने वाले देश के यूट्यूब वीडियो पर टिप्पणियाँ देखीं  /  कृपया अंग्रेजी बोलें,3,5,1
13,MX,es,/kaggle/working/Multi3Hate/data/memes/es/American-Pride-Eagle/13.jpg,"VE COMENTARIOS EN VIDEO DE YOUTUBE QUE NO SON EN INGLÉS  /  ¡EN INGLÉS, POR FAVOR!",3,5,1
13,US,en,/kaggle/working/Multi3Hate/data/memes/en/American-Pride-Eagle/13.jpg,SEES COMMENTS ON YOUTUBE VIDEO OF NON-SPEAKING ENGLISH COUNTRY  /  ENGLISH PLEASE,3,5,1
14,CN,zh,/kaggle/working/Multi3Hate/data/memes/zh/Sassy-Black-Woman/14.jpg,当人们把门打开时  /  哦不，你没有！,1,5,0
14,DE,de,/kaggle/working/Multi3Hate/data/memes/de/Sassy-Black-Woman/14.jpg,"WENN LEUTE DIE TÜR OFFEN LASSEN  /  OH NEIN, DAS HAST DU NICHT GETAN!",0,5,0
14,IN,hi,/kaggle/working/Multi3Hate/data/memes/hi/Sassy-Black-Woman/14.jpg,जब लोग दरवाज़ा खुला छोड़ देते हैं  /  ओह नहीं आपने ऐसा नहीं किया!,0,5,0
14,MX,es,/kaggle/working/Multi3Hate/data/memes/es/Sassy-Black-Woman/14.jpg,"CUANDO LA GENTE DEJA LA PUERTA ABIERTA  /  ¡OH NO, NO LO HICISTE!",1,5,0
14,US,en,/kaggle/working/Multi3Hate/data/memes/en/Sassy-Black-Woman/14.jpg,WHEN PEOPLE LEAVE THE DOOR OPEN  /  OH NO YOU DIDNT !,1,5,0
15,CN,zh,/kaggle/working/Multi3Hate/data/memes/zh/Sassy-Black-Woman/15.jpg,常春藤  /  30 年后,4,5,1
15,DE,de,/kaggle/working/Multi3Hate/data/memes/de/Sassy-Black-Woman/15.jpg,IVY  /  30 JAHRE SPÄTER,1,5,0
15,IN,hi,/kaggle/working/Multi3Hate/data/memes/hi/Sassy-Black-Woman/15.jpg,आइवी  /  30 साल बाद,4,5,1
15,MX,es,/kaggle/working/Multi3Hate/data/memes/es/Sassy-Black-Woman/15.jpg,IVY  /  30 AÑOS DESPUÉS,3,5,1
15,US,en,/kaggle/working/Multi3Hate/data/memes/en/Sassy-Black-Woman/15.jpg,IVY  /  30 YEARS LATER,2,5,0
16,CN,zh,/kaggle/working/Multi3Hate/data/memes/zh/Sassy-Black-Woman/16.jpg,<emp>  /  儿子，你为什么不偷那个？,5,5,1
16,DE,de,/kaggle/working/Multi3Hate/data/memes/de/Sassy-Black-Woman/16.jpg,"<emp>  /  SOHN, WARUM HAST DU DAS NICHT GESTOHLEN?",5,5,1
16,IN,hi,/kaggle/working/Multi3Hate/data/memes/hi/Sassy-Black-Woman/16.jpg,"<emp>  /  बेटा, तुमने वह क्यों नहीं चुराया?",4,4,1
16,MX,es,/kaggle/working/Multi3Hate/data/memes/es/Sassy-Black-Woman/16.jpg,"<emp>  /  HIJO, ¿POR QUÉ NO ROBASTE ESO?",5,5,1
16,US,en,/kaggle/working/Multi3Hate/data/memes/en/Sassy-Black-Woman/16.jpg,"<emp>  /  SON, WHY DIDN'T YOU STEAL THAT?",3,5,1
17,CN,zh,/kaggle/working/Multi3Hate/data/memes/zh/Sassy-Black-Woman/17.jpg,你吃不到炸鸡  /  直到你喝完所有的酷爱饮料,2,5,0
17,DE,de,/kaggle/working/Multi3Hate/data/memes/de/Sassy-Black-Woman/17.jpg,DU BEKOMMST KEIN FRITTIERTES HÄHNCHEN  /  BIS DU MIT DEINEM SAFT FERTIG BIST,3,5,1
17,IN,hi,/kaggle/working/Multi3Hate/data/memes/hi/Sassy-Black-Woman/17.jpg,आपको तला हुआ चिकन नहीं मिलेगा  /  जब तक आप अपना सारा कूल-एड ख़त्म नहीं कर लेते,1,5,0
17,MX,es,/kaggle/working/Multi3Hate/data/memes/es/Sassy-Black-Woman/17.jpg,NO VAS A CONSEGUIR POLLO FRITO  /  HASTA QUE TERMINES TODO TU COOL-AID,5,5,1
17,US,en,/kaggle/working/Multi3Hate/data/memes/en/Sassy-Black-Woman/17.jpg,YOU AIN'T GETTIN' NO FRIED CHICKEN  /  TILL' YOU FINISH ALL  YOUR COOL-AID,3,5,1
18,CN,zh,/kaggle/working/Multi3Hate/data/memes/zh/Successful-Mexican/18.jpg,我来  /  照料你的花园,3,3,1
18,DE,de,/kaggle/working/Multi3Hate/data/memes/de/Successful-Mexican/18.jpg,"Ich komme, um  /  deinen Garten zu pflegen",5,5,1
18,IN,hi,/kaggle/working/Multi3Hate/data/memes/hi/Successful-Mexican/18.jpg,मै आता हूँ   /  अपने बगीचे की देखभाल करें,3,5,1
18,MX,es,/kaggle/working/Multi3Hate/data/memes/es/Successful-Mexican/18.jpg,Vengo a  /  cuidar tu jardín,4,5,1
18,US,en,/kaggle/working/Multi3Hate/data/memes/en/Successful-Mexican/18.jpg,I come to  /  tend your garden,5,5,1
19,CN,zh,/kaggle/working/Multi3Hate/data/memes/zh/Successful-Mexican/19.jpg,我越过了边境  /  这就是我很高兴的原因,5,5,1
19,DE,de,/kaggle/working/Multi3Hate/data/memes/de/Successful-Mexican/19.jpg,ICH HABE DIE GRENZE ÜBERSCHRITTEN  /  DESHALB BIN ICH FROH,5,5,1
19,IN,hi,/kaggle/working/Multi3Hate/data/memes/hi/Successful-Mexican/19.jpg,मैं सीमा पार कर गया  /  इसीलिए मैं खुश हूँ,4,5,1
19,MX,es,/kaggle/working/Multi3Hate/data/memes/es/Successful-Mexican/19.jpg,YO CRUCE A LA FRONTERA  /  POR ESO ESTOY FELIZ.,5,5,1
19,US,en,/kaggle/working/Multi3Hate/data/memes/en/Successful-Mexican/19.jpg,I PASSED THE BORDER  /  THATS WHY IM HAPPY,5,5,1
20,CN,zh,/kaggle/working/Multi3Hate/data/memes/zh/Successful-Mexican/20.jpg,少数民族  /  不在 METRO TECH!!,5,5,1
20,DE,de,/kaggle/working/Multi3Hate/data/memes/de/Successful-Mexican/20.jpg,MINDERHEIT  /  NICHT BEI METRO TECH!!,2,3,1
20,IN,hi,/kaggle/working/Multi3Hate/data/memes/hi/Successful-Mexican/20.jpg,अल्पसंख्यक  /  मेट्रो टेक में नहीं!!,4,5,1
20,MX,es,/kaggle/working/Multi3Hate/data/memes/es/Successful-Mexican/20.jpg,MINORÍA  /  ¡¡NO EN METRO TECH!!,4,5,1
20,US,en,/kaggle/working/Multi3Hate/data/memes/en/Successful-Mexican/20.jpg,MINORITY  /  NOT AT METRO TECH!!,4,5,1
21,CN,zh,/kaggle/working/Multi3Hate/data/memes/zh/Successful-Mexican/21.jpg,我的名字是 Emmanuel  /  我帮你修剪草坪 $.50,5,5,1
21,DE,de,/kaggle/working/Multi3Hate/data/memes/de/Successful-Mexican/21.jpg,Mein Name ist Emmanuel  /  ich mähe Ihren Rasen $.50,5,5,1
21,IN,hi,/kaggle/working/Multi3Hate/data/memes/hi/Successful-Mexican/21.jpg,मेरा नाम इमैनुएल है  /  मैं आपके लॉन की घास काटता हूँ $.50,2,5,0
21,MX,es,/kaggle/working/Multi3Hate/data/memes/es/Successful-Mexican/21.jpg,Mi nombre es emmanuel  /  corto tu césped $.50,5,5,1
21,US,en,/kaggle/working/Multi3Hate/data/memes/en/Successful-Mexican/21.jpg,My name is emmanuel  /  i mow your lawn $.50,4,5,1
22,CN,zh,/kaggle/working/Multi3Hate/data/memes/zh/Black-Kid/22.jpg,女孩认为我很性感  /  <emp>,1,4,0
22,DE,de,/kaggle/working/Multi3Hate/data/memes/de/Black-Kid/22.jpg,MÄDCHEN FINDEN MICH SEXY  /  <emp>,1,5,0
22,IN,hi,/kaggle/working/Multi3Hate/data/memes/hi/Black-Kid/22.jpg,लड़कियाँ सोचती हैं कि मैं कामुक हूँ  /  <emp> ,5,5,1
22,MX,es,/kaggle/working/Multi3Hate/data/memes/es/Black-Kid/22.jpg,LAS CHICAS PIENSAN QUE SOY SEXY  /  <emp>,0,5,0
22,US,en,/kaggle/working/Multi3Hate/data/memes/en/Black-Kid/22.jpg,GIRLS THINK I'M SEXY  /  <emp>,0,4,0
23,CN,zh,/kaggle/working/Multi3Hate/data/memes/zh/Black-Kid/23.jpg,我妈妈给我起的名字  /  公主。,2,5,0
23,DE,de,/kaggle/working/Multi3Hate/data/memes/de/Black-Kid/23.jpg,MEINE MAMA HAT MICH  /  PRINZESSIN GENANNT.,0,5,0
23,IN,hi,/kaggle/working/Multi3Hate/data/memes/hi/Black-Kid/23.jpg,मेरी माँ ने मेरा नाम रखा  /  राजकुमारी.,2,5,0
23,MX,es,/kaggle/working/Multi3Hate/data/memes/es/Black-Kid/23.jpg,MI MAMÁ ME NOMBRÓ  /  PRINCESA.,1,5,0
23,US,en,/kaggle/working/Multi3Hate/data/memes/en/Black-Kid/23.jpg,MY MOM NAMED ME  /  PRINCESS.,2,5,0
24,CN,zh,/kaggle/working/Multi3Hate/data/memes/zh/Black-Kid/24.jpg,米特·罗姆尼  /  是同性恋,5,5,1
24,DE,de,/kaggle/working/Multi3Hate/data/memes/de/Black-Kid/24.jpg,MITT ROMNEY  /  IST SCHWUL,5,5,1
24,IN,hi,/kaggle/working/Multi3Hate/data/memes/hi/Black-Kid/24.jpg,मिट रोमनी  /  समलैंगिक है,4,5,1
24,MX,es,/kaggle/working/Multi3Hate/data/memes/es/Black-Kid/24.jpg,MITT ROMNEY  /  ES GAY,3,5,1
24,US,en,/kaggle/working/Multi3Hate/data/memes/en/Black-Kid/24.jpg,MITT ROMNEY  /  IS GAY,4,5,1
25,CN,zh,/kaggle/working/Multi3Hate/data/memes/zh/Black-Kid/25.jpg,这不重要  /  无论你是黑人或白人,2,5,0
25,DE,de,/kaggle/working/Multi3Hate/data/memes/de/Black-Kid/25.jpg,ES IST EGAL  /  OB SIE SCHWARZ ODER WEISS SIND!,2,5,0
25,IN,hi,/kaggle/working/Multi3Hate/data/memes/hi/Black-Kid/25.jpg,इससे कोई फर्क नहीं पड़ता  /  आप काले हैं या गोरे!,2,5,0
25,MX,es,/kaggle/working/Multi3Hate/data/memes/es/Black-Kid/25.jpg,NO IMPORTA  /  SI ERES BLANCO O NEGRO!,1,5,0
25,US,en,/kaggle/working/Multi3Hate/data/memes/en/Black-Kid/25.jpg,IT DONT MATTER  /  IF YOUR BLACK OR WHITE!,0,4,0
26,CN,zh,/kaggle/working/Multi3Hate/data/memes/zh/Black-Kid/26.jpg,我如何感受  /  当孩子们睡着的时候,3,5,1
26,DE,de,/kaggle/working/Multi3Hate/data/memes/de/Black-Kid/26.jpg,WIE ICH MICH FÜHLE  /  WENN DIE KINDER SCHLAFEN,0,5,0
26,IN,hi,/kaggle/working/Multi3Hate/data/memes/hi/Black-Kid/26.jpg,मुझे कैसा लगता है  /  जब बच्चे सो जाते हैं,0,5,0
26,MX,es,/kaggle/working/Multi3Hate/data/memes/es/Black-Kid/26.jpg,COMO ME SIENTO  /  CUANDO LOS NIÑOS DUERMEN,0,5,0
26,US,en,/kaggle/working/Multi3Hate/data/memes/en/Black-Kid/26.jpg,HOW I FEEL  /  WHEN THE KIDS ARE ASLEEP,0,5,0
27,CN,zh,/kaggle/working/Multi3Hate/data/memes/zh/Black-Kid/27.jpg,这就是我  /  当我听说你兄弟是单身时,2,5,0
27,DE,de,/kaggle/working/Multi3Hate/data/memes/de/Black-Kid/27.jpg,"DAS BIN ICH  /  ALS ICH HÖRTE, DEIN BRUDER IST SINGLE",1,5,0
27,IN,hi,/kaggle/working/Multi3Hate/data/memes/hi/Black-Kid/27.jpg,यह मैं हूँ  /  जब मैंने सुना कि आपका भाई अकेला है,1,4,0
27,MX,es,/kaggle/working/Multi3Hate/data/memes/es/Black-Kid/27.jpg,SOY YO  /  CUANDO ESCUCHÉ QUE TU HERMANO ESTÁ SOLTERO,0,5,0
27,US,en,/kaggle/working/Multi3Hate/data/memes/en/Black-Kid/27.jpg,THIS IS ME  /  WHEN I HEARD YOUR BROTHER IS SINGLE,0,4,0
28,CN,zh,/kaggle/working/Multi3Hate/data/memes/zh/Black-Kid/28.jpg,JAY-Z 的旧照片  /  <emp>,4,5,1
28,DE,de,/kaggle/working/Multi3Hate/data/memes/de/Black-Kid/28.jpg,ALTES BILD VON JAY-Z  /  <emp>,2,5,0
28,IN,hi,/kaggle/working/Multi3Hate/data/memes/hi/Black-Kid/28.jpg,जे ज़ी की पुरानी तस्वीर  /  <emp> ,4,5,1
28,MX,es,/kaggle/working/Multi3Hate/data/memes/es/Black-Kid/28.jpg,ANTIGUA FOTO DE JAY-Z  /  <emp>,4,5,1
28,US,en,/kaggle/working/Multi3Hate/data/memes/en/Black-Kid/28.jpg,OLD PIC OF JAY-Z  /  <emp>,3,4,1
29,CN,zh,/kaggle/working/Multi3Hate/data/memes/zh/Generic-Indian-Guy/29.jpg,你选择了一个在家工作的好日子……  /  除了我 Kevin 和 Yaji 之外没有别人在这里！！！,1,4,0
29,DE,de,/kaggle/working/Multi3Hate/data/memes/de/Generic-Indian-Guy/29.jpg,"Du hast dir einen guten Tag zum Arbeiten von zu Hause aus ausgesucht …  /  Außer mir, Kevin und Yaji, ist niemand hier!!!",3,5,1
29,IN,hi,/kaggle/working/Multi3Hate/data/memes/hi/Generic-Indian-Guy/29.jpg,आपने घर से काम करने के लिए एक अच्छा दिन चुना है...  /  मेरे केविन और याजी के अलावा यहां कोई नहीं है !!!,2,5,0
29,MX,es,/kaggle/working/Multi3Hate/data/memes/es/Generic-Indian-Guy/29.jpg,"Elegiste un buen día para trabajar desde casa...  /  no hay nadie aquí excepto yo, Kevin y Yaji!!!",0,3,0
29,US,en,/kaggle/working/Multi3Hate/data/memes/en/Generic-Indian-Guy/29.jpg,you picked a good day to work from home...  /  no one's here except me Kevin and Yaji !!!,0,4,0
30,CN,zh,/kaggle/working/Multi3Hate/data/memes/zh/Generic-Indian-Guy/30.jpg,杰森需要一些布朗尼混合物  /  史蒂文从来没有给他发过短信,5,5,1
30,DE,de,/kaggle/working/Multi3Hate/data/memes/de/Generic-Indian-Guy/30.jpg,Jason braucht einen Brownie-Mix  /  Steven hat ihm nie geschrieben,4,4,1
30,IN,hi,/kaggle/working/Multi3Hate/data/memes/hi/Generic-Indian-Guy/30.jpg,जेसन को ब्राउनी मिक्स की जरूरत है  /  स्टीवन ने उसे कभी मैसेज नहीं किया,3,5,1
30,MX,es,/kaggle/working/Multi3Hate/data/memes/es/Generic-Indian-Guy/30.jpg,jason necesita mezcla para brownies  /  steven nunca le escribió,0,5,0
30,US,en,/kaggle/working/Multi3Hate/data/memes/en/Generic-Indian-Guy/30.jpg,jason needs some brownie mix  /  steven never texted him,0,4,0
31,CN,zh,/kaggle/working/Multi3Hate/data/memes/zh/Generic-Indian-Guy/31.jpg,购买昂贵的枪支  /  买不起鞋子,5,5,1
31,DE,de,/kaggle/working/Multi3Hate/data/memes/de/Generic-Indian-Guy/31.jpg,kauft teure Waffen  /  kann sich keine Schuhe leisten,5,5,1
31,IN,hi,/kaggle/working/Multi3Hate/data/memes/hi/Generic-Indian-Guy/31.jpg,महंगी बंदूकें खरीदता है  /  जूते खरीदने के पैसे नहीं है ,3,5,1
31,MX,es,/kaggle/working/Multi3Hate/data/memes/es/Generic-Indian-Guy/31.jpg,compra armas caras  /  no puede ppermitirse zapatos,5,5,1
31,US,en,/kaggle/working/Multi3Hate/data/memes/en/Generic-Indian-Guy/31.jpg,buys expensive guns  /  cant afford shoes,3,5,1
32,CN,zh,/kaggle/working/Multi3Hate/data/memes/zh/Generic-Indian-Guy/32.jpg,斯坦利我可以把你当早餐吃掉  /  午饭和晚饭,4,5,1
32,DE,de,/kaggle/working/Multi3Hate/data/memes/de/Generic-Indian-Guy/32.jpg,"STANLEY, ICH KÖNNTE DICH ZUM FRÜHSTÜCK  /  MITTAGESSEN UND ABENDESSEN VERNASCHEN",2,5,0
32,IN,hi,/kaggle/working/Multi3Hate/data/memes/hi/Generic-Indian-Guy/32.jpg,स्टेनली मैं तुम्हें नाश्ते  /  दोपहर के भोजन और रात के खाने के लिए खा सकता हूँ,4,5,1
32,MX,es,/kaggle/working/Multi3Hate/data/memes/es/Generic-Indian-Guy/32.jpg,Stanley podría comerte para el desayuno  /  el almuerzo y la cena.,4,4,1
32,US,en,/kaggle/working/Multi3Hate/data/memes/en/Generic-Indian-Guy/32.jpg,STANLEY I COULD EAT YOU FOR BREAKFAST  /  LUNCH AND DINNER,1,5,0
33,CN,zh,/kaggle/working/Multi3Hate/data/memes/zh/Generic-Indian-Guy/33.jpg,闭嘴，奥萨马！  /  他是我的儿子！,2,3,1
33,DE,de,/kaggle/working/Multi3Hate/data/memes/de/Generic-Indian-Guy/33.jpg,"HALT DIE FRESSE, OSAMA!  /  ER IST MEIN SOHN!",3,4,1
33,IN,hi,/kaggle/working/Multi3Hate/data/memes/hi/Generic-Indian-Guy/33.jpg,चुप रहो ओसामा!  /  वह मेरा बेटा है!,3,5,1
33,MX,es,/kaggle/working/Multi3Hate/data/memes/es/Generic-Indian-Guy/33.jpg,¡CALLA OSAMA!  /  ¡ÉL ES MI HIJO!,4,4,1
33,US,en,/kaggle/working/Multi3Hate/data/memes/en/Generic-Indian-Guy/33.jpg,SHUT UP OSAMA!  /  HE IS MY SON!,4,5,1
34,CN,zh,/kaggle/working/Multi3Hate/data/memes/zh/Generic-Indian-Guy/34.jpg,1 磅鱼  /  非常非常便宜,3,5,1
34,DE,de,/kaggle/working/Multi3Hate/data/memes/de/Generic-Indian-Guy/34.jpg,1 Pfund Fisch  /  sehr sehr günstig,2,5,0
34,IN,hi,/kaggle/working/Multi3Hate/data/memes/hi/Generic-Indian-Guy/34.jpg,1 पाउंड मछली  /  बहुत बहुत सस्ती,2,5,0
34,MX,es,/kaggle/working/Multi3Hate/data/memes/es/Generic-Indian-Guy/34.jpg,"Pescado a 1 libra  /  muy, muy barato.",2,5,0
34,US,en,/kaggle/working/Multi3Hate/data/memes/en/Generic-Indian-Guy/34.jpg,1 pound fish  /  very very cheap,3,5,1
35,CN,zh,/kaggle/working/Multi3Hate/data/memes/zh/Generic-Indian-Guy/35.jpg,快给我一些  /  咖喱！！！,5,5,1
35,DE,de,/kaggle/working/Multi3Hate/data/memes/de/Generic-Indian-Guy/35.jpg,GIB MIR SCHNELL  /  CURRY!!!,4,5,1
35,IN,hi,/kaggle/working/Multi3Hate/data/memes/hi/Generic-Indian-Guy/35.jpg,जल्दी से मुझे कुछ  /  करी दो!!!,3,5,1
35,MX,es,/kaggle/working/Multi3Hate/data/memes/es/Generic-Indian-Guy/35.jpg,"Rápido, dame un poco de  /  curry!",4,5,1
35,US,en,/kaggle/working/Multi3Hate/data/memes/en/Generic-Indian-Guy/35.jpg,QUICK GIVE ME SOME  /  CURRY!!!,4,5,1
36,CN,zh,/kaggle/working/Multi3Hate/data/memes/zh/Stereotypical-Indian-Telemarketer/36.jpg,当我尝试复制你的问题时  /  我收到“内存不足”错误讯息。,3,5,1
36,DE,de,/kaggle/working/Multi3Hate/data/memes/de/Stereotypical-Indian-Telemarketer/36.jpg,"wenn ich versuche, Ihr Problem zu reproduzieren  /  ich erhalte die Fehlermeldung „Nicht genügend Arbeitsspeicher“.",0,4,0
36,IN,hi,/kaggle/working/Multi3Hate/data/memes/hi/Stereotypical-Indian-Telemarketer/36.jpg,जब मैं आपके मुद्दे की नकल करने की कोशिश करता हूं  /  तो मुझे 'मेमोरी खत्म' त्रुटि मिलती है।,0,4,0
36,MX,es,/kaggle/working/Multi3Hate/data/memes/es/Stereotypical-Indian-Telemarketer/36.jpg,"Cuando intento duplicar tu problema  /  Me sale un error de ""memoria insuficiente"".",0,5,0
36,US,en,/kaggle/working/Multi3Hate/data/memes/en/Stereotypical-Indian-Telemarketer/36.jpg,when i try to duplicate your issue  /  i get 'out of memory' error.,3,4,1
37,CN,zh,/kaggle/working/Multi3Hate/data/memes/zh/Advicejew/37.jpg,看看这顶帽子  /  二手店,1,3,0
37,DE,de,/kaggle/working/Multi3Hate/data/memes/de/Advicejew/37.jpg,SIEHST DU DIESEN HUT  /  GEBRAUCHTWARENLADEN,3,5,1
37,IN,hi,/kaggle/working/Multi3Hate/data/memes/hi/Advicejew/37.jpg,यह टोपी देखें  /  बचत की दुकान,3,5,1
37,MX,es,/kaggle/working/Multi3Hate/data/memes/es/Advicejew/37.jpg,MIRA ESTE SOMBRERO  /  TIENDA DE SEGUNDA MANO,3,5,1
37,US,en,/kaggle/working/Multi3Hate/data/memes/en/Advicejew/37.jpg,SEE THIS HAT  /  THRIFT STORE,3,4,1
38,CN,zh,/kaggle/working/Multi3Hate/data/memes/zh/Advicejew/38.jpg,给你妈妈打电话  /  这样她就可以抱怨你很少打电话,3,5,1
38,DE,de,/kaggle/working/Multi3Hate/data/memes/de/Advicejew/38.jpg,Ruf deine Mutter an  /  damit sie sich über deine mangelnden Anrufe beschweren kann,3,5,1
38,IN,hi,/kaggle/working/Multi3Hate/data/memes/hi/Advicejew/38.jpg,अपनी माँ को फ़ोन करो  /  ताकि वह तुम्हारी कॉल की कमी के बारे में शिकायत कर सके,2,5,0
38,MX,es,/kaggle/working/Multi3Hate/data/memes/es/Advicejew/38.jpg,Llama a tu madre  /  para que pueda quejar de tu falta de llamadas,3,5,1
38,US,en,/kaggle/working/Multi3Hate/data/memes/en/Advicejew/38.jpg,Call your mother  /  so she can complain about your lack of calls,2,5,0
39,CN,zh,/kaggle/working/Multi3Hate/data/memes/zh/Jesus-Christ/39.jpg,我不知道所有问题的答案。  /  问问谷歌。,0,5,0
39,DE,de,/kaggle/working/Multi3Hate/data/memes/de/Jesus-Christ/39.jpg,Ich habe nicht auf alles eine Antwort.  /  Fragen Sie Google.,0,5,0
39,IN,hi,/kaggle/working/Multi3Hate/data/memes/hi/Jesus-Christ/39.jpg,मेरे पास हर बात का जवाब नहीं है।  /  गूगल से पूछो।,3,5,1
39,MX,es,/kaggle/working/Multi3Hate/data/memes/es/Jesus-Christ/39.jpg,No tengo las respuestas de todo.  /  Preguntale a Google.,1,5,0
39,US,en,/kaggle/working/Multi3Hate/data/memes/en/Jesus-Christ/39.jpg,I don't have the answers to everything.  /  Ask google.,0,5,0
40,CN,zh,/kaggle/working/Multi3Hate/data/memes/zh/Stereotypical-Indian-Telemarketer/40.jpg,你的客户确实在另一条线上...  /  谢谢你的耐心等待，derp 先生,2,5,0
40,DE,de,/kaggle/working/Multi3Hate/data/memes/de/Stereotypical-Indian-Telemarketer/40.jpg,"Ich habe Ihren Kunden in der anderen Leitung ...  /  Vielen Dank für Ihre Geduld, Mr. Derp",1,5,0
40,IN,hi,/kaggle/working/Multi3Hate/data/memes/hi/Stereotypical-Indian-Telemarketer/40.jpg,"मेरे पास दूसरी लाइन पर आपका ग्राहक है...  /  धैर्य रखने के लिए धन्यवाद, श्रीमान डर्प",3,5,1
40,MX,es,/kaggle/working/Multi3Hate/data/memes/es/Stereotypical-Indian-Telemarketer/40.jpg,"Tengo a su cliente en la otra línea...  /  Gracias por esperar pacientemente, señor derp",1,5,0
40,US,en,/kaggle/working/Multi3Hate/data/memes/en/Stereotypical-Indian-Telemarketer/40.jpg,"I do have your customer on the other line...  /  Thank you for patiently holding, mr. derp",1,5,0
41,CN,zh,/kaggle/working/Multi3Hate/data/memes/zh/Jesus-Christ/41.jpg,技术  /  会拯救你,1,4,0
41,DE,de,/kaggle/working/Multi3Hate/data/memes/de/Jesus-Christ/41.jpg,Die Technik  /  wird dich retten,0,5,0
41,IN,hi,/kaggle/working/Multi3Hate/data/memes/hi/Jesus-Christ/41.jpg,यह तकनीक  /  आपको बचाएगी,3,5,1
41,MX,es,/kaggle/working/Multi3Hate/data/memes/es/Jesus-Christ/41.jpg,La Técnica  /  te salvará,0,5,0
41,US,en,/kaggle/working/Multi3Hate/data/memes/en/Jesus-Christ/41.jpg,The Technique  /  will save you,0,4,0
42,CN,zh,/kaggle/working/Multi3Hate/data/memes/zh/Angry-Muslim-Guy/42.jpg,停止！  /  我的胡子发痒了！,2,5,0
42,DE,de,/kaggle/working/Multi3Hate/data/memes/de/Angry-Muslim-Guy/42.jpg,hör auf!  /  mein Bart kitzelt!,3,5,1
42,IN,hi,/kaggle/working/Multi3Hate/data/memes/hi/Angry-Muslim-Guy/42.jpg,रुको!  /  मेरी दाढ़ी गुदगुदी करती है!,1,5,0
42,MX,es,/kaggle/working/Multi3Hate/data/memes/es/Angry-Muslim-Guy/42.jpg,¡Alto!  /  ¡La barba me hace cosquillas!,1,5,0
42,US,en,/kaggle/working/Multi3Hate/data/memes/en/Angry-Muslim-Guy/42.jpg,stop!  /  my beard tickles!,1,4,0
43,CN,zh,/kaggle/working/Multi3Hate/data/memes/zh/Like-A-Jew/43.jpg,名字很烂  /  像犹太人一样,5,5,1
43,DE,de,/kaggle/working/Multi3Hate/data/memes/de/Like-A-Jew/43.jpg,habe einen beschissenen Namen  /  wie ein Jude,5,5,1
43,IN,hi,/kaggle/working/Multi3Hate/data/memes/hi/Like-A-Jew/43.jpg,एक घटिया नाम है  /  यहूदी जैसा,4,5,1
43,MX,es,/kaggle/working/Multi3Hate/data/memes/es/Like-A-Jew/43.jpg,tener un nombre de mierda  /  como un judío,5,5,1
43,US,en,/kaggle/working/Multi3Hate/data/memes/en/Like-A-Jew/43.jpg,have a shitty name  /  like a jew,5,5,1
44,CN,zh,/kaggle/working/Multi3Hate/data/memes/zh/Feministfrequently/44.jpg,这个背景  /  是性别歧视,3,5,1
44,DE,de,/kaggle/working/Multi3Hate/data/memes/de/Feministfrequently/44.jpg,Dieser Hintergrund  /  ist sexistisch,3,5,1
44,IN,hi,/kaggle/working/Multi3Hate/data/memes/hi/Feministfrequently/44.jpg,यह पृष्ठभूमि  /  लिंगभेदी है,3,5,1
44,MX,es,/kaggle/working/Multi3Hate/data/memes/es/Feministfrequently/44.jpg,Este fondo  /  es sexista,3,5,1
44,US,en,/kaggle/working/Multi3Hate/data/memes/en/Feministfrequently/44.jpg,This background  /  is sexist,2,5,0
45,CN,zh,/kaggle/working/Multi3Hate/data/memes/zh/Feministfrequently/45.jpg,我不是伪君子  /  我是一个女人,2,5,0
45,DE,de,/kaggle/working/Multi3Hate/data/memes/de/Feministfrequently/45.jpg,Ich bin keine Heuchlerin  /  ich bin eine Frau,3,5,1
45,IN,hi,/kaggle/working/Multi3Hate/data/memes/hi/Feministfrequently/45.jpg,मैं पाखंडी नहीं हूँ  /  मैं एक महिला हूँ,1,5,0
45,MX,es,/kaggle/working/Multi3Hate/data/memes/es/Feministfrequently/45.jpg,No soy hipócrita  /  soy una mujer,4,5,1
45,US,en,/kaggle/working/Multi3Hate/data/memes/en/Feministfrequently/45.jpg,I'm not a hypocrite  /  i'm a woman,5,5,1
46,CN,zh,/kaggle/working/Multi3Hate/data/memes/zh/Angry-Muslim-Guy/46.jpg,上帝是万能的  /  但我会亲自打老婆,3,5,1
46,DE,de,/kaggle/working/Multi3Hate/data/memes/de/Angry-Muslim-Guy/46.jpg,Gott ist allmächtig  /  Aber ich werde die Frau selbst schlagen,5,5,1
46,IN,hi,/kaggle/working/Multi3Hate/data/memes/hi/Angry-Muslim-Guy/46.jpg,भगवान सर्वशक्तिमान है  /  लेकिन मैं खुद पत्नी को पीटूंगा,5,5,1
46,MX,es,/kaggle/working/Multi3Hate/data/memes/es/Angry-Muslim-Guy/46.jpg,Dios es todopoderoso  /  pero yo me encargaré de la esposa yo mismo.,4,5,1
46,US,en,/kaggle/working/Multi3Hate/data/memes/en/Angry-Muslim-Guy/46.jpg,God is allmighty  /  But I'll beat the wife myself,4,5,1
47,CN,zh,/kaggle/working/Multi3Hate/data/memes/zh/Privilege-Denying-Feminist/47.jpg,不要把马桶座圈掀起来  /  女人会把它放下，所以你必须把它放下,3,5,1
47,DE,de,/kaggle/working/Multi3Hate/data/memes/de/Privilege-Denying-Feminist/47.jpg,"Hören auf, den Toilettensitz hochgeklappt zu lassen  /  Frauen benutzen ihn heruntergeklappt, also müssen du ihn herunterklappen",3,5,1
47,IN,hi,/kaggle/working/Multi3Hate/data/memes/hi/Privilege-Denying-Feminist/47.jpg,शौचालय की सीट को ऊपर रखना बंद करें  /  महिलाएं इसे नीचे करके इस्तेमाल करती हैं इसलिए आपको इसे नीचे रखना चाहिए,2,5,0
47,MX,es,/kaggle/working/Multi3Hate/data/memes/es/Privilege-Denying-Feminist/47.jpg,"Deja de dejar la tapa del inodoro arriba  /  las mujeres la usan abajo, así que debes bajarla.",3,5,1
47,US,en,/kaggle/working/Multi3Hate/data/memes/en/Privilege-Denying-Feminist/47.jpg,quit leaving the toilet seat up  /  women use it down so you must put it down,0,4,0
48,CN,zh,/kaggle/working/Multi3Hate/data/memes/zh/Privilege-Denying-Feminist/48.jpg,希望一切都平等  /  除了征兵的时候,5,5,1
48,DE,de,/kaggle/working/Multi3Hate/data/memes/de/Privilege-Denying-Feminist/48.jpg,will alles gleich  /  Außer wenn die Wehrpflicht kommt,5,5,1
48,IN,hi,/kaggle/working/Multi3Hate/data/memes/hi/Privilege-Denying-Feminist/48.jpg,सब कुछ बराबर चाहता है  /  सिवाय उस समय के जब सैन्य भर्ती आती है,5,5,1
48,MX,es,/kaggle/working/Multi3Hate/data/memes/es/Privilege-Denying-Feminist/48.jpg,quiere que todo sea igual  /  Excepto cuando llega el reclutamiento militar,5,5,1
48,US,en,/kaggle/working/Multi3Hate/data/memes/en/Privilege-Denying-Feminist/48.jpg,wants Everything Equal  /  Except for when the military draft comes,4,5,1
49,CN,zh,/kaggle/working/Multi3Hate/data/memes/zh/Asian-College-Freshman/49.jpg,印度人是亚洲人？！  /  从何时起？,4,5,1
49,DE,de,/kaggle/working/Multi3Hate/data/memes/de/Asian-College-Freshman/49.jpg,Inder sind Asiaten?!  /  Seit wann?,3,5,1
49,IN,hi,/kaggle/working/Multi3Hate/data/memes/hi/Asian-College-Freshman/49.jpg,भारतीय एशियाई हैं?!  /  कब से?,3,4,1
49,MX,es,/kaggle/working/Multi3Hate/data/memes/es/Asian-College-Freshman/49.jpg,¿Los indios son asiáticos?  /  ¿Desde cuando?,2,3,1
49,US,en,/kaggle/working/Multi3Hate/data/memes/en/Asian-College-Freshman/49.jpg,Indians are asian?!  /  Since When?,2,5,0
50,CN,zh,/kaggle/working/Multi3Hate/data/memes/zh/Feminist-Cunt/50.jpg,妇女平等！！！  /  嘲笑其他认为男人也应该得到同样待遇的女权主义者,5,5,1
50,DE,de,/kaggle/working/Multi3Hate/data/memes/de/Feminist-Cunt/50.jpg,"Gleichberechtigung für Frauen!!!  /  lacht über andere Feministinnen, die meinen, Männer hätten das Gleiche verdient",4,5,1
50,IN,hi,/kaggle/working/Multi3Hate/data/memes/hi/Feminist-Cunt/50.jpg,महिलाओं के लिए समानता!!!  /  उन अन्य नारीवादियों पर हंसती हैं जो सोचते हैं कि पुरुष भी समान अधिकार के हकदार हैं,4,4,1
50,MX,es,/kaggle/working/Multi3Hate/data/memes/es/Feminist-Cunt/50.jpg,Igualdad para las mujeres!!!  /  se ríe de otras feministas que piensan que los hombres merecen lo mismo,3,4,1
50,US,en,/kaggle/working/Multi3Hate/data/memes/en/Feminist-Cunt/50.jpg,Equality for women!!!  /  laughs at other feminists who think that men deserve the same,3,4,1
51,CN,zh,/kaggle/working/Multi3Hate/data/memes/zh/Jewish-Dude/51.jpg,我在成人礼上被打了一拳  /  那是我表哥的成人礼,3,5,1
51,DE,de,/kaggle/working/Multi3Hate/data/memes/de/Jewish-Dude/51.jpg,"Ich bekam bei einer Bar Mitzwa einen Schlag ins Gesicht  /  VON MEINEM COUSIN, DESSEN Bar Mitzwa es war",2,5,0
51,IN,hi,/kaggle/working/Multi3Hate/data/memes/hi/Jewish-Dude/51.jpg,"मुझे एक बार मिट्ज्वा में चेहरे पर मुक्का परा  /  मेरे चचेरे भाई से, जिसका यह बार मिट्ज्वा था",1,3,0
51,MX,es,/kaggle/working/Multi3Hate/data/memes/es/Jewish-Dude/51.jpg,"Me dieron un puñetazo en la cara en un bar mitzvah  /  MI PRIMO, EN SU BAR Mitzvah",3,5,1
51,US,en,/kaggle/working/Multi3Hate/data/memes/en/Jewish-Dude/51.jpg,I Got Punched In The Face At A bar mitzvah  /  BY MY COUSIN WHOSE bar mitzvah IT WAS,1,5,0
52,CN,zh,/kaggle/working/Multi3Hate/data/memes/zh/Jesus-Christ/52.jpg,彼此相爱*  /  （除了同性恋者，他们太恶心了）,5,5,1
52,DE,de,/kaggle/working/Multi3Hate/data/memes/de/Jesus-Christ/52.jpg,"Liebt einander*  /  (Außer Schwuchteln, die sind eklig)",4,5,1
52,IN,hi,/kaggle/working/Multi3Hate/data/memes/hi/Jesus-Christ/52.jpg,"एक दूसरे से प्रेम करो*  /  (समलैंगिकों को छोड़कर, वे घृणित हैं)",5,5,1
52,MX,es,/kaggle/working/Multi3Hate/data/memes/es/Jesus-Christ/52.jpg,"Amense unos a otros*  /  (Excepto los maricones, son asquerosos)",5,5,1
52,US,en,/kaggle/working/Multi3Hate/data/memes/en/Jesus-Christ/52.jpg,"Love one another*  /  (Except faggots, they are gross)",4,4,1
53,CN,zh,/kaggle/working/Multi3Hate/data/memes/zh/Privilege-Denying-Tranny/53.jpg,堕胎怎么是妇女问题了 / 变形男人也需要堕胎！,5,5,1
53,DE,de,/kaggle/working/Multi3Hate/data/memes/de/Privilege-Denying-Tranny/53.jpg,Abtreibung? Ein Frauenthema?  /  Auch Transmänner brauchen Abtreibungen!,3,5,1
53,IN,hi,/kaggle/working/Multi3Hate/data/memes/hi/Privilege-Denying-Tranny/53.jpg,गर्भपात? एक महिला का मुद्दा?  /  ट्रांसमेन को भी गर्भपात की जरूरत है!,5,5,1
53,MX,es,/kaggle/working/Multi3Hate/data/memes/es/Privilege-Denying-Tranny/53.jpg,¿aborto? ¿un problema de mujeres?  /  ¡Los hombres trans también necesitan abortos!,4,5,1
53,US,en,/kaggle/working/Multi3Hate/data/memes/en/Privilege-Denying-Tranny/53.jpg,abortion? a womans issue?  /  transmen need abortions too!,1,3,0
54,CN,zh,/kaggle/working/Multi3Hate/data/memes/zh/Privilege-Denying-Tranny/54.jpg,耶稣诞生是一场同性恋派对  /  所有的人都穿着裙子！,5,5,1
54,DE,de,/kaggle/working/Multi3Hate/data/memes/de/Privilege-Denying-Tranny/54.jpg,Die Geburt des Jesuskindes war eine schwule Party  /  Alle Typen trugen Kleider!,5,5,1
54,IN,hi,/kaggle/working/Multi3Hate/data/memes/hi/Privilege-Denying-Tranny/54.jpg,शिशु यीशु का जन्म एक क्वीर पार्टी थी  /  सभी लड़कों ने ड्रेस पहनी थी!,4,5,1
54,MX,es,/kaggle/working/Multi3Hate/data/memes/es/Privilege-Denying-Tranny/54.jpg,El nacimiento del niño Jesús fue una fiesta queer  /  ¡todos los tipos llevaban vestidos!,3,4,1
54,US,en,/kaggle/working/Multi3Hate/data/memes/en/Privilege-Denying-Tranny/54.jpg,the birth of the baby jesus was a queer party  /  all the dudes wore dresses!,2,5,0
55,CN,zh,/kaggle/working/Multi3Hate/data/memes/zh/Privilege-Denying-Tranny/55.jpg,我比你更像一个女人  /  我必须努力才能成为一个女人,2,5,0
55,DE,de,/kaggle/working/Multi3Hate/data/memes/de/Privilege-Denying-Tranny/55.jpg,"ich bin mehr Frau als du  /  ich musste kämpfen, um eine Frau zu sein",4,4,1
55,IN,hi,/kaggle/working/Multi3Hate/data/memes/hi/Privilege-Denying-Tranny/55.jpg,मैं तुमसे ज़्यादा औरत हूँ  /  मुझे औरत होने के लिए संघर्ष करना पड़ा,3,5,1
55,MX,es,/kaggle/working/Multi3Hate/data/memes/es/Privilege-Denying-Tranny/55.jpg,Soy más mujer que tú  /  Tuve que luchar para ser mujer,4,5,1
55,US,en,/kaggle/working/Multi3Hate/data/memes/en/Privilege-Denying-Tranny/55.jpg,i'm more of a woman than you  /  i had to fight to be a woman,4,5,1
56,CN,zh,/kaggle/working/Multi3Hate/data/memes/zh/Privilege-Denying-Tranny/56.jpg,我的奶子可能不能出奶 / 但我,1,5,0
56,DE,de,/kaggle/working/Multi3Hate/data/memes/de/Privilege-Denying-Tranny/56.jpg,Ich kann vielleicht nicht meine Titten melken  /  aber ich kann sicher meinen Schwanz melken,4,5,1
56,IN,hi,/kaggle/working/Multi3Hate/data/memes/hi/Privilege-Denying-Tranny/56.jpg,मैं अपने स्तनों से दूध तो नहीं निकाल पाऊँगी  /  लेकिन मैं अपने लिंग का फायदा जरूर उठा सकती हूँ,5,5,1
56,MX,es,/kaggle/working/Multi3Hate/data/memes/es/Privilege-Denying-Tranny/56.jpg,Puede que no pueda ordeñar mis tetas  /  pero seguro que puedo ordeñar mi polla,5,5,1
56,US,en,/kaggle/working/Multi3Hate/data/memes/en/Privilege-Denying-Tranny/56.jpg,I may not be able to milk my tits  /  but i can sure milk my cock,3,5,1
57,CN,zh,/kaggle/working/Multi3Hate/data/memes/zh/Stereotypical-Indian-Telemarketer/57.jpg,致电帮助台  /  无法理解他们,4,5,1
57,DE,de,/kaggle/working/Multi3Hate/data/memes/de/Stereotypical-Indian-Telemarketer/57.jpg,Beratungsstelle anrufen  /  kann sie nicht verstehen,4,4,1
57,IN,hi,/kaggle/working/Multi3Hate/data/memes/hi/Stereotypical-Indian-Telemarketer/57.jpg,हेल्प डेस्क पर कॉल करें  /  उन्हें समझ ना पाए ,1,4,0
57,MX,es,/kaggle/working/Multi3Hate/data/memes/es/Stereotypical-Indian-Telemarketer/57.jpg,llamar al servicio de ayuda  /  no puedo entenderlos,2,5,0
57,US,en,/kaggle/working/Multi3Hate/data/memes/en/Stereotypical-Indian-Telemarketer/57.jpg,call help desk  /  can't understand them,5,5,1
58,CN,zh,/kaggle/working/Multi3Hate/data/memes/zh/Advicejew/58.jpg,好好好圣诞快乐 / 现在可以把赠品给我了吧,4,5,1
58,DE,de,/kaggle/working/Multi3Hate/data/memes/de/Advicejew/58.jpg,"ja, ja, frohe Weihnachten  /  jetzt bring mir meinen kostenlosen Scheiß",4,5,1
58,IN,hi,/kaggle/working/Multi3Hate/data/memes/hi/Advicejew/58.jpg,हाँ हाँ मेरी क्रिसमस  /  अब मुझे मेरी मुफ्त चीजें लाओ,3,5,1
58,MX,es,/kaggle/working/Multi3Hate/data/memes/es/Advicejew/58.jpg,"yeah yeah, feliz Navidad  /  ahora tráeme mis cosas/shit gratis.",3,4,1
58,US,en,/kaggle/working/Multi3Hate/data/memes/en/Advicejew/58.jpg,yeah yeah merry chrismas  /  now bring me my free shit,5,5,1
59,CN,zh,/kaggle/working/Multi3Hate/data/memes/zh/Asian-College-Freshman/59.jpg,  /  我觉得这没什么问题,0,5,0
59,DE,de,/kaggle/working/Multi3Hate/data/memes/de/Asian-College-Freshman/59.jpg,  /  Ich sehe hier kein Problem,0,5,0
59,IN,hi,/kaggle/working/Multi3Hate/data/memes/hi/Asian-College-Freshman/59.jpg,  /  मुझे यहाँ कोई समस्या नहीं दिखती,0,5,0
59,MX,es,/kaggle/working/Multi3Hate/data/memes/es/Asian-College-Freshman/59.jpg,  /  No veo ningún problema aquí,1,5,0
59,US,en,/kaggle/working/Multi3Hate/data/memes/en/Asian-College-Freshman/59.jpg,  /  I don't see a problem here,0,5,0
60,CN,zh,/kaggle/working/Multi3Hate/data/memes/zh/Asian-College-Freshman/60.jpg,哦，妈呀，排骨特价  / 伙计们明天开始减肥,1,5,0
60,DE,de,/kaggle/working/Multi3Hate/data/memes/de/Asian-College-Freshman/60.jpg,"oh Scheiße, Rippchen im Angebot  /  Diät beginnt morgen, Leute",1,5,0
60,IN,hi,/kaggle/working/Multi3Hate/data/memes/hi/Asian-College-Freshman/60.jpg,"ओह शिट, पसलियाँ विशेष पर  /  परहेज़ कल से शुरू होता है दोस्तों",3,5,1
60,MX,es,/kaggle/working/Multi3Hate/data/memes/es/Asian-College-Freshman/60.jpg,"Oh mierda, costillas en oferta  /  La dieta empieza mañana chicos",0,4,0
60,US,en,/kaggle/working/Multi3Hate/data/memes/en/Asian-College-Freshman/60.jpg,"oh shit, ribs on special  /  diet starts tomorrow guys",0,5,0
61,CN,zh,/kaggle/working/Multi3Hate/data/memes/zh/Troll-Asian/61.jpg,你好吗？  / ,0,5,0
61,DE,de,/kaggle/working/Multi3Hate/data/memes/de/Troll-Asian/61.jpg,wie geht's?  /  ,0,5,0
61,IN,hi,/kaggle/working/Multi3Hate/data/memes/hi/Troll-Asian/61.jpg,आप कैसे हैं?  /  ,0,4,0
61,MX,es,/kaggle/working/Multi3Hate/data/memes/es/Troll-Asian/61.jpg,¿cómo estás?  / ,0,5,0
61,US,en,/kaggle/working/Multi3Hate/data/memes/en/Troll-Asian/61.jpg,how you doing?  /  ,0,5,0
62,CN,zh,/kaggle/working/Multi3Hate/data/memes/zh/Typical-Germany-Lover/62.jpg,阿道夫·希特勒  /  是奥地利人,3,5,1
62,DE,de,/kaggle/working/Multi3Hate/data/memes/de/Typical-Germany-Lover/62.jpg,Adolf Hitler  /  war Österreicher,3,5,1
62,IN,hi,/kaggle/working/Multi3Hate/data/memes/hi/Typical-Germany-Lover/62.jpg,एडोल्फ हिटलर  /  ऑस्ट्रियाई था,2,5,0
62,MX,es,/kaggle/working/Multi3Hate/data/memes/es/Typical-Germany-Lover/62.jpg,adolf hitler  /  era austriaco,2,5,0
62,US,en,/kaggle/working/Multi3Hate/data/memes/en/Typical-Germany-Lover/62.jpg,adolf hitler  /  was austrian,3,5,1
63,CN,zh,/kaggle/working/Multi3Hate/data/memes/zh/Good-Chinese-Student/63.jpg,哦不，我需要支付医院费用  /  笑话，加拿大有免费的全民医疗保健！,3,5,1
63,DE,de,/kaggle/working/Multi3Hate/data/memes/de/Good-Chinese-Student/63.jpg,"oh nein, ich muss meine Krankenhausrechnungen bezahlen  /  Scherz, in Kanada gibt es eine kostenlose allgemeine Gesundheitsversorgung!",0,5,0
63,IN,hi,/kaggle/working/Multi3Hate/data/memes/hi/Good-Chinese-Student/63.jpg,"अरे नहीं, मुझे अपने अस्पताल के बिलों का भुगतान करना है  /  मज़ाक, कनाडा में मुफ्त सार्वभौमिक स्वास्थ्य देखभाल है!",2,5,0
63,MX,es,/kaggle/working/Multi3Hate/data/memes/es/Good-Chinese-Student/63.jpg,"oh no tengo que pagar mis facturas del hospital  /  bromeo, canadá tiene atención médica gratuita!",1,5,0
63,US,en,/kaggle/working/Multi3Hate/data/memes/en/Good-Chinese-Student/63.jpg,"oh no i need to pay my hospital bills  /  joke, canada has free universal health care!",0,5,0
64,CN,zh,/kaggle/working/Multi3Hate/data/memes/zh/Asian-College-Freshman/64.jpg,父亲说要娶他的三堂妹 / 言出必行,3,5,1
64,DE,de,/kaggle/working/Multi3Hate/data/memes/de/Asian-College-Freshman/64.jpg,"Vater sagt, er solle seine Cousine 3. Grades heiraten  /  tut es auch",5,5,1
64,IN,hi,/kaggle/working/Multi3Hate/data/memes/hi/Asian-College-Freshman/64.jpg,पिता ने तीसरी चचेरी बहन से शादी करने को कहा  /  सच में ऐसा हुआ,3,5,1
64,MX,es,/kaggle/working/Multi3Hate/data/memes/es/Asian-College-Freshman/64.jpg,El padre dice que se case con su tercer primo  /  y lo hace en realidad.,2,3,1
64,US,en,/kaggle/working/Multi3Hate/data/memes/en/Asian-College-Freshman/64.jpg,father says to marry his 3rd cousine  /  actually does it,3,4,1
65,CN,zh,/kaggle/working/Multi3Hate/data/memes/zh/Asian-College-Freshman/65.jpg,有一个储物室  /  无需钥匙即可打开,1,5,0
65,DE,de,/kaggle/working/Multi3Hate/data/memes/de/Asian-College-Freshman/65.jpg,Verfügt über einen Umkleideraum  /  braucht keinen Schlüssel zum Öffnen,2,3,1
65,IN,hi,/kaggle/working/Multi3Hate/data/memes/hi/Asian-College-Freshman/65.jpg,इसमें लॉकरूम है  /  इसे खोलने के लिए किसी चाबी की जरूरत नहीं है,0,5,0
65,MX,es,/kaggle/working/Multi3Hate/data/memes/es/Asian-College-Freshman/65.jpg,Tiene un vestuario  /  no necesita llaves para abrirlo,1,3,0
65,US,en,/kaggle/working/Multi3Hate/data/memes/en/Asian-College-Freshman/65.jpg,Has a lockeroom  /  needs no keys to open it,0,4,0
66,CN,zh,/kaggle/working/Multi3Hate/data/memes/zh/Troll-Asian/66.jpg,爸爸告诉我要当一名医生，所以我就这么做了  /  人类学,0,5,0
66,DE,de,/kaggle/working/Multi3Hate/data/memes/de/Troll-Asian/66.jpg,"Papa sagte mir, ich solle Arzt werden, also wurde ich  /  in Anthropologie",3,5,1
66,IN,hi,/kaggle/working/Multi3Hate/data/memes/hi/Troll-Asian/66.jpg,"पिताजी ने मुझे डॉक्टर बनने को कहा, तो मैं डॉक्टर बन गया  /  नृविज्ञान में ",2,5,0
66,MX,es,/kaggle/working/Multi3Hate/data/memes/es/Troll-Asian/66.jpg,"papá me dijo que fuera médico, así que lo hice  /  en antropología",0,5,0
66,US,en,/kaggle/working/Multi3Hate/data/memes/en/Troll-Asian/66.jpg,"dad told me to be a doctor, so i did  /  in anthropology",0,5,0
67,CN,zh,/kaggle/working/Multi3Hate/data/memes/zh/Stern-But-Honest-Chinese-Guy/67.jpg,你称它为中国菜  /  我们只称它为食物,3,3,1
67,DE,de,/kaggle/working/Multi3Hate/data/memes/de/Stern-But-Honest-Chinese-Guy/67.jpg,Sie nennen es chinesisches Essen  /  wir nennen es einfach Essen,2,5,0
67,IN,hi,/kaggle/working/Multi3Hate/data/memes/hi/Stern-But-Honest-Chinese-Guy/67.jpg,आप इसे चीनी भोजन कहते हैं  /  हम इसे सिर्फ भोजन कहते हैं,1,3,0
67,MX,es,/kaggle/working/Multi3Hate/data/memes/es/Stern-But-Honest-Chinese-Guy/67.jpg,Tú lo llamas comida china  /  nosotros simplemente lo llamamos comida,3,5,1
67,US,en,/kaggle/working/Multi3Hate/data/memes/en/Stern-But-Honest-Chinese-Guy/67.jpg,You call it Chinese food  /  we just call it food,1,5,0
68,CN,zh,/kaggle/working/Multi3Hate/data/memes/zh/Asian-College-Freshman/68.jpg,我姐姐花了四年时间才高中毕业  /  我不会像她那样给家人丢脸,3,5,1
68,DE,de,/kaggle/working/Multi3Hate/data/memes/de/Asian-College-Freshman/68.jpg,"Meine Schwester brauchte 4 Jahre, um die High School abzuschließen  /  ich werde die Familie nicht wie sie beschämen",3,5,1
68,IN,hi,/kaggle/working/Multi3Hate/data/memes/hi/Asian-College-Freshman/68.jpg,मेरी बहन को हाई स्कूल से स्नातक करने में 4 साल लगे  /  मैं उसके जैसे परिवार को शर्मिंदा नहीं करूँगा,1,4,0
68,MX,es,/kaggle/working/Multi3Hate/data/memes/es/Asian-College-Freshman/68.jpg,Mi hermana tardó 4 años en graduarse de la secundaria  /  no avergonzaré a la familia como ella,2,5,0
68,US,en,/kaggle/working/Multi3Hate/data/memes/en/Asian-College-Freshman/68.jpg,My sister took 4 years to graduate high school  /  i will not shame the family like her,5,5,1
69,CN,zh,/kaggle/working/Multi3Hate/data/memes/zh/Troll-Asian/69.jpg,小组成员期望完成大部分工作  /  没有做任何事情,0,5,0
69,DE,de,/kaggle/working/Multi3Hate/data/memes/de/Troll-Asian/69.jpg,"Von den Gruppenmitgliedern wird erwartet, dass man den Großteil der Arbeit erledigen  /  tut nichts",0,5,0
69,IN,hi,/kaggle/working/Multi3Hate/data/memes/hi/Troll-Asian/69.jpg,समूह के सदस्यों द्वारा अधिकांश कार्य करने की अपेक्षा की जाती है  /  कुछ भी नहीं करता,3,3,1
69,MX,es,/kaggle/working/Multi3Hate/data/memes/es/Troll-Asian/69.jpg,Esperado por los miembros del grupo para hacer la mayor parte del trabajo  /  no hace nada.,0,5,0
69,US,en,/kaggle/working/Multi3Hate/data/memes/en/Troll-Asian/69.jpg,EXpected by group members to do majority of work  /  doesn't do anything,3,5,1
70,CN,zh,/kaggle/working/Multi3Hate/data/memes/zh/Obese-American/70.jpg,慢跑锻炼...  /  从她的床到冰箱,5,5,1
70,DE,de,/kaggle/working/Multi3Hate/data/memes/de/Obese-American/70.jpg,joggt zum Training...  /  vom Bett zum Kühlschrank,5,5,1
70,IN,hi,/kaggle/working/Multi3Hate/data/memes/hi/Obese-American/70.jpg,व्यायाम के लिए जॉगिंग करती है...  /  बिस्तर से लेकर फ्रिज तक,5,5,1
70,MX,es,/kaggle/working/Multi3Hate/data/memes/es/Obese-American/70.jpg,Corre para hacer ejercicio...  /  de su cama al frigorífico.,4,5,1
70,US,en,/kaggle/working/Multi3Hate/data/memes/en/Obese-American/70.jpg,jogs for exercise...  /  from her bed to the fridge,4,5,1
71,CN,zh,/kaggle/working/Multi3Hate/data/memes/zh/Stereotypical-Indian-Telemarketer/71.jpg,邀请朋友参加游戏之夜  /  开始玩单人游戏,2,5,0
71,DE,de,/kaggle/working/Multi3Hate/data/memes/de/Stereotypical-Indian-Telemarketer/71.jpg,lädt Freund zu einem Spieleabend ein  /  beginnt Einzelspieler zu spielen,0,5,0
71,IN,hi,/kaggle/working/Multi3Hate/data/memes/hi/Stereotypical-Indian-Telemarketer/71.jpg,दोस्त को गेम नाइट के लिए आमंत्रित करता है  /  सिंगल प्लेयर खेलना शुरू करता है,0,5,0
71,MX,es,/kaggle/working/Multi3Hate/data/memes/es/Stereotypical-Indian-Telemarketer/71.jpg,Invita a un amigo a una noche de juegos  /  comienza a jugar en modo de un jugador,1,4,0
71,US,en,/kaggle/working/Multi3Hate/data/memes/en/Stereotypical-Indian-Telemarketer/71.jpg,invites friend to a game night  /  starts playing single player,1,5,0
72,CN,zh,/kaggle/working/Multi3Hate/data/memes/zh/Strict-Policeman/72.jpg,研究刑事司法  /  警察学院教他一切,3,5,1
72,DE,de,/kaggle/working/Multi3Hate/data/memes/de/Strict-Policeman/72.jpg,studiert Strafrecht  /  die Polizeiakademie bringt ihm alles bei,3,5,1
72,IN,hi,/kaggle/working/Multi3Hate/data/memes/hi/Strict-Policeman/72.jpg,आपराधिक न्याय की पढ़ाई करता है  /  पुलिस अकादमी उसे सब कुछ सिखाती है,2,5,0
72,MX,es,/kaggle/working/Multi3Hate/data/memes/es/Strict-Policeman/72.jpg,Estudia justicia criminal  /  la academia de policía le enseña todo.,1,5,0
72,US,en,/kaggle/working/Multi3Hate/data/memes/en/Strict-Policeman/72.jpg,studies criminal justice  /  police academy teaches him everything,0,4,0
73,CN,zh,/kaggle/working/Multi3Hate/data/memes/zh/Typical-Germany-Lover/73.jpg,听到朋友提到德国  /  用关于德国的信息烦死朋友,2,5,0
73,DE,de,/kaggle/working/Multi3Hate/data/memes/de/Typical-Germany-Lover/73.jpg,"hört, wie ein Freund Deutschland erwähnt  /  langweilt einen Freund zu Tode mit Infos über Deutschland",2,5,0
73,IN,hi,/kaggle/working/Multi3Hate/data/memes/hi/Typical-Germany-Lover/73.jpg,दोस्त को जर्मनी का ज़िक्र करते सुना  /  दोस्त को जर्मनी के बारे में जानकारी देकर बोर कर दिया,3,5,1
73,MX,es,/kaggle/working/Multi3Hate/data/memes/es/Typical-Germany-Lover/73.jpg,oye a un amigo mencionar alemania  /  aburre a muerte a su amigo con informacion sobre alemania,3,5,1
73,US,en,/kaggle/working/Multi3Hate/data/memes/en/Typical-Germany-Lover/73.jpg,hears friend mention germany  /  bore friend to death with info about germany,0,5,0
74,CN,zh,/kaggle/working/Multi3Hate/data/memes/zh/Advicejew/74.jpg,我的名字是  /  托尼,1,5,0
74,DE,de,/kaggle/working/Multi3Hate/data/memes/de/Advicejew/74.jpg,ich heiße  /  tony,1,5,0
74,IN,hi,/kaggle/working/Multi3Hate/data/memes/hi/Advicejew/74.jpg,मेरा नाम है  /  टोनी,1,4,0
74,MX,es,/kaggle/working/Multi3Hate/data/memes/es/Advicejew/74.jpg,mi nombre es  /  Tony,0,4,0
74,US,en,/kaggle/working/Multi3Hate/data/memes/en/Advicejew/74.jpg,my name is  /  tony,0,3,0
75,CN,zh,/kaggle/working/Multi3Hate/data/memes/zh/Obese-American/75.jpg,马达里斯先生忘记带午餐的尴尬时刻  /  ,5,5,1
75,DE,de,/kaggle/working/Multi3Hate/data/memes/de/Obese-American/75.jpg,"Der peinliche Moment, wenn Herr Madaris sein Mittagessen zu Hause vergisst  /  ",4,4,1
75,IN,hi,/kaggle/working/Multi3Hate/data/memes/hi/Obese-American/75.jpg,वह अजीब क्षण जब मिस्टर मदारिस अपना लंच घर पर भूल गए  /  ,5,5,1
75,MX,es,/kaggle/working/Multi3Hate/data/memes/es/Obese-American/75.jpg,Ese momento incómodo cuando el señor Madaris olvida su almuerzo en casa  / ,2,5,0
75,US,en,/kaggle/working/Multi3Hate/data/memes/en/Obese-American/75.jpg,That awkward moment when Mr. Madaris forgets his lunch at home  /  ,3,5,1
76,CN,zh,/kaggle/working/Multi3Hate/data/memes/zh/Muslim-Immigrant/76.jpg,我们怎样才能祈祷  /  当古兰经被焚烧时,4,5,1
76,DE,de,/kaggle/working/Multi3Hate/data/memes/de/Muslim-Immigrant/76.jpg,wie können wir beten  /  wenn der Koran brennt,3,3,1
76,IN,hi,/kaggle/working/Multi3Hate/data/memes/hi/Muslim-Immigrant/76.jpg,हम प्रार्थना कैसे कर सकते हैं  /  जब कुरान जल रहा हो,1,4,0
76,MX,es,/kaggle/working/Multi3Hate/data/memes/es/Muslim-Immigrant/76.jpg,¿Cómo podemos rezar  /  cuando el Corán está ardiendo?,3,4,1
76,US,en,/kaggle/working/Multi3Hate/data/memes/en/Muslim-Immigrant/76.jpg,how can we pray  /  when the koran is burning,4,5,1
77,CN,zh,/kaggle/working/Multi3Hate/data/memes/zh/Like-A-Jew/77.jpg,我给你一个提示  /  无酵饼在我的裤子里,5,5,1
77,DE,de,/kaggle/working/Multi3Hate/data/memes/de/Like-A-Jew/77.jpg,Ich gebe dir einen Hinweis  /  Die Matze ist in meiner Hose,4,4,1
77,IN,hi,/kaggle/working/Multi3Hate/data/memes/hi/Like-A-Jew/77.jpg,मैं तुम्हें एक संकेत देता हूँ  /  मत्ज़ाह मेरी पैंट में है,4,4,1
77,MX,es,/kaggle/working/Multi3Hate/data/memes/es/Like-A-Jew/77.jpg,Te daré una pista  /  La matzá está en mis pantalones,5,5,1
77,US,en,/kaggle/working/Multi3Hate/data/memes/en/Like-A-Jew/77.jpg,I'll give you a hint  /  The matzah is in my pants,3,4,1
78,CN,zh,/kaggle/working/Multi3Hate/data/memes/zh/Advicejew/78.jpg,生活让你失落？  /  给你妈妈打电话会要了你的命吗？,0,5,0
78,DE,de,/kaggle/working/Multi3Hate/data/memes/de/Advicejew/78.jpg,"Das Leben macht dich fertig?  /  Würde es dich umbringen, deine Mutter anzurufen?",1,4,0
78,IN,hi,/kaggle/working/Multi3Hate/data/memes/hi/Advicejew/78.jpg,क्या जिंदगी ने आपको निराश कर दिया है?  /  क्या अपनी मां को फोन करने से आपकी मृत्यु हो जाएगी?,5,5,1
78,MX,es,/kaggle/working/Multi3Hate/data/memes/es/Advicejew/78.jpg,¿La vida te deprime?  /  ¿Te mataría llamar a tu madre?,4,5,1
78,US,en,/kaggle/working/Multi3Hate/data/memes/en/Advicejew/78.jpg,Life got you down?  /  Would it kill you to call your mother?,2,3,1
79,CN,zh,/kaggle/working/Multi3Hate/data/memes/zh/Stern-But-Honest-Chinese-Guy/79.jpg,共产主义  /  无法实现梦想 - 生错了家庭,5,5,1
79,DE,de,/kaggle/working/Multi3Hate/data/memes/de/Stern-But-Honest-Chinese-Guy/79.jpg,"KOMMUNISMUS  /  UNFÄHIG, TRÄUME ZU VERWIRKLICHEN - IN DER FALSCHEN FAMILIE GEBOREN ZU WERDEN",3,4,1
79,IN,hi,/kaggle/working/Multi3Hate/data/memes/hi/Stern-But-Honest-Chinese-Guy/79.jpg,साम्यवाद  /  सपने साकार न कर पाना - गलत परिवार में जन्म लेना,3,5,1
79,MX,es,/kaggle/working/Multi3Hate/data/memes/es/Stern-But-Honest-Chinese-Guy/79.jpg,COMUNISMO  /  IMPOSIBLE ALCANZAR LOS SUEÑOS - NACIR EN LA FAMILIA EQUIVOCADA,4,5,1
79,US,en,/kaggle/working/Multi3Hate/data/memes/en/Stern-But-Honest-Chinese-Guy/79.jpg,COMMUNISM  /  UNABLE TO ACHIEVE DREAMS - BEING BORN IN THE WRONG FAMILY,2,5,0
80,CN,zh,/kaggle/working/Multi3Hate/data/memes/zh/Stern-But-Honest-Chinese-Guy/80.jpg,毛泽东是我们的伟大英雄  /  杀害了4000万至7000万自己的人民,3,5,1
80,DE,de,/kaggle/working/Multi3Hate/data/memes/de/Stern-But-Honest-Chinese-Guy/80.jpg,"MAO, UNSER GROSSER HELD  /  TÖTETE 40-70 MILLIONEN SEINES EIGENEN VOLKES",4,4,1
80,IN,hi,/kaggle/working/Multi3Hate/data/memes/hi/Stern-But-Honest-Chinese-Guy/80.jpg,माओ हमारे महान नायक  /  अपने ही 40-70 मिलियन लोगों को मार डाला,5,5,1
80,MX,es,/kaggle/working/Multi3Hate/data/memes/es/Stern-But-Honest-Chinese-Guy/80.jpg,MAO NUESTRO GRAN HÉROE  /  MATÓ A 40-70 MILLONES DE SU PROPIA GENTE,4,5,1
80,US,en,/kaggle/working/Multi3Hate/data/memes/en/Stern-But-Honest-Chinese-Guy/80.jpg,MAO OUR GREAT HERO  /  KILLED 40-70 MILLION OF HIS OWN PEOPLE,2,5,0
81,CN,zh,/kaggle/working/Multi3Hate/data/memes/zh/Stereotypical-Indian-Telemarketer/81.jpg,技术支援，  /  我是 Karan,3,4,1
81,DE,de,/kaggle/working/Multi3Hate/data/memes/de/Stereotypical-Indian-Telemarketer/81.jpg,"technischer Support,  /  hier spricht Karan",4,5,1
81,IN,hi,/kaggle/working/Multi3Hate/data/memes/hi/Stereotypical-Indian-Telemarketer/81.jpg,"तकनीकी सहायता,  /  मैं करण बोल रहा हूँ",3,5,1
81,MX,es,/kaggle/working/Multi3Hate/data/memes/es/Stereotypical-Indian-Telemarketer/81.jpg,"soporte técnico,  /  habla karan",2,5,0
81,US,en,/kaggle/working/Multi3Hate/data/memes/en/Stereotypical-Indian-Telemarketer/81.jpg,"technical support,  /  this is karan speaking",3,5,1
82,CN,zh,/kaggle/working/Multi3Hate/data/memes/zh/Y-U-So-Arab/82.jpg,嘿，叙利亚人  /  你为什么发布了我的照片，却没有发布你的照片？,4,5,1
82,DE,de,/kaggle/working/Multi3Hate/data/memes/de/Y-U-So-Arab/82.jpg,"Hey Syrer  /  warum postest du ein Bild von mir, aber kein Bild von dir?",5,5,1
82,IN,hi,/kaggle/working/Multi3Hate/data/memes/hi/Y-U-So-Arab/82.jpg,अरे सीरियाई आदमी  /  तुम मेरी तस्वीर क्यों पोस्ट करते हो लेकिन अपनी तस्वीर नहीं?,1,5,0
82,MX,es,/kaggle/working/Multi3Hate/data/memes/es/Y-U-So-Arab/82.jpg,"Oye, tipo sirio  /  ¿publicas una foto mía pero no una tuya?",5,5,1
82,US,en,/kaggle/working/Multi3Hate/data/memes/en/Y-U-So-Arab/82.jpg,Hey syrian guy  /  y u post a picture of me but not a picture of you?,2,5,0
83,CN,zh,/kaggle/working/Multi3Hate/data/memes/zh/Nice-White-Girl/83.jpg,为什么我不能  /  使用 n 字？,3,4,1
83,DE,de,/kaggle/working/Multi3Hate/data/memes/de/Nice-White-Girl/83.jpg,warum darf ich  /  das N-Wort nicht benutzen?,5,5,1
83,IN,hi,/kaggle/working/Multi3Hate/data/memes/hi/Nice-White-Girl/83.jpg,मैं क्यों नहीं  /  'एन' शब्द का उपयोग कर सकता?,3,4,1
83,MX,es,/kaggle/working/Multi3Hate/data/memes/es/Nice-White-Girl/83.jpg,¿Por qué no puedo  /  usar la palabra n?,4,5,1
83,US,en,/kaggle/working/Multi3Hate/data/memes/en/Nice-White-Girl/83.jpg,why can't i  /  use the n word?,3,4,1
84,CN,zh,/kaggle/working/Multi3Hate/data/memes/zh/Nice-White-Girl/84.jpg,但我的捕梦网纹身  /  尊重本土文化！,3,4,1
84,DE,de,/kaggle/working/Multi3Hate/data/memes/de/Nice-White-Girl/84.jpg,aber mein Traumfänger-Tattoo  /  ehrt die einheimische Kultur!,0,3,0
84,IN,hi,/kaggle/working/Multi3Hate/data/memes/hi/Nice-White-Girl/84.jpg,लेकिन मेरा ड्रीमकैचर टैटू  /  मूल संस्कृति का सम्मान करता है!,3,5,1
84,MX,es,/kaggle/working/Multi3Hate/data/memes/es/Nice-White-Girl/84.jpg,pero mi tatuaje de atrapasueños  /  ¡honra la cultura nativa!,3,5,1
84,US,en,/kaggle/working/Multi3Hate/data/memes/en/Nice-White-Girl/84.jpg,but my dreamcatcher tattoo  /  honors native culture!,1,4,0
85,CN,zh,/kaggle/working/Multi3Hate/data/memes/zh/Nice-White-Girl/85.jpg,不要对我这样尖酸刻薄  /  我真的在努力,1,3,0
85,DE,de,/kaggle/working/Multi3Hate/data/memes/de/Nice-White-Girl/85.jpg,"hör auf, gemein zu mir zu sein  /  ich gebe mir wirklich Mühe",0,5,0
85,IN,hi,/kaggle/working/Multi3Hate/data/memes/hi/Nice-White-Girl/85.jpg,मेरे साथ बुरा व्यवहार करना बंद करो  /  मैं बहुत कोशिश कर रहा हूँ,2,5,0
85,MX,es,/kaggle/working/Multi3Hate/data/memes/es/Nice-White-Girl/85.jpg,Deja de ser malo conmigo  /  Estoy esforzándome mucho,0,4,0
85,US,en,/kaggle/working/Multi3Hate/data/memes/en/Nice-White-Girl/85.jpg,stop being mean to me  /  i'm trying really hard,0,5,0
86,CN,zh,/kaggle/working/Multi3Hate/data/memes/zh/Privilege-Denying-Tranny/86.jpg,必须忍受不好笑的表情包  /  嘲笑她的性别认同,4,5,1
86,DE,de,/kaggle/working/Multi3Hate/data/memes/de/Privilege-Denying-Tranny/86.jpg,MUSS sich mit unlustigen Memes abfinden  /  die ihre Geschlechtsidentität lächerlich machen,2,5,0
86,IN,hi,/kaggle/working/Multi3Hate/data/memes/hi/Privilege-Denying-Tranny/86.jpg,बेजोड़ मीम्स को झेलना पड़ता है  /  उसकी लैंगिक पहचान का उपहास करना,4,4,1
86,MX,es,/kaggle/working/Multi3Hate/data/memes/es/Privilege-Denying-Tranny/86.jpg,Tiene que soportar memes poco graciosos  /  que ridiculizan su identidad de género.,3,5,1
86,US,en,/kaggle/working/Multi3Hate/data/memes/en/Privilege-Denying-Tranny/86.jpg,HAS to put up with unfunny memes  /  ridiculing her gender identity,1,5,0
87,CN,zh,/kaggle/working/Multi3Hate/data/memes/zh/Strict-Policeman/87.jpg,你有权保持沉默  /  你说的每一句话都可能被转化成表情包,1,5,0
87,DE,de,/kaggle/working/Multi3Hate/data/memes/de/Strict-Policeman/87.jpg,"Sie haben das Recht zu schweigen  /  Alles, was Sie sagen, kann und wird in ein Meme verwandelt",0,5,0
87,IN,hi,/kaggle/working/Multi3Hate/data/memes/hi/Strict-Policeman/87.jpg,आपको चुप रहने का अधिकार है  /  आप जो कुछ भी कहेंगे उसे मीम में बदल दिया जाएगा,1,5,0
87,MX,es,/kaggle/working/Multi3Hate/data/memes/es/Strict-Policeman/87.jpg,Tienes derecho a permanecer en silencio  /  Todo lo que digas puede ser y será convertido en un meme,0,5,0
87,US,en,/kaggle/working/Multi3Hate/data/memes/en/Strict-Policeman/87.jpg,You have the right to remain silent  /  Everything you say can an will be turned into a meme,1,5,0
88,CN,zh,/kaggle/working/Multi3Hate/data/memes/zh/Nice-White-Girl/88.jpg,黑人女生 / 怎么那么吵？,5,5,1
88,DE,de,/kaggle/working/Multi3Hate/data/memes/de/Nice-White-Girl/88.jpg,warum sind schwarze Mädchen  /  so laut?,4,5,1
88,IN,hi,/kaggle/working/Multi3Hate/data/memes/hi/Nice-White-Girl/88.jpg,काले रंग की लड़कियाँ  /  इतनी शोर क्यों मचाती हैं?,5,5,1
88,MX,es,/kaggle/working/Multi3Hate/data/memes/es/Nice-White-Girl/88.jpg,¿Por qué las chicas negras  /  son tan ruidosas?,5,5,1
88,US,en,/kaggle/working/Multi3Hate/data/memes/en/Nice-White-Girl/88.jpg,why are black girls  /  so loud?,4,4,1
89,CN,zh,/kaggle/working/Multi3Hate/data/memes/zh/Strict-Policeman/89.jpg,我讨厌黑人  /  这就是为什么我找到了一份带枪的工作,5,5,1
89,DE,de,/kaggle/working/Multi3Hate/data/memes/de/Strict-Policeman/89.jpg,ich hasse Schwarze  /  deshalb habe ich einen Job mit einer Waffe,5,5,1
89,IN,hi,/kaggle/working/Multi3Hate/data/memes/hi/Strict-Policeman/89.jpg,मुझे काले लोगों से नफरत है  /  इसीलिए मुझे बंदूक वाली नौकरी मिली,5,5,1
89,MX,es,/kaggle/working/Multi3Hate/data/memes/es/Strict-Policeman/89.jpg,Odio a los negros  /  por eso conseguí un trabajo con un arma,5,5,1
89,US,en,/kaggle/working/Multi3Hate/data/memes/en/Strict-Policeman/89.jpg,i hate black people  /  thats why i got a job with a gun,4,5,1
90,CN,zh,/kaggle/working/Multi3Hate/data/memes/zh/Troll-Asian/90.jpg,一个人不能简单地  /  按下马桶冲水,1,3,0
90,DE,de,/kaggle/working/Multi3Hate/data/memes/de/Troll-Asian/90.jpg,man drückt nicht einfach  /  die Toilettenspülung,1,4,0
90,IN,hi,/kaggle/working/Multi3Hate/data/memes/hi/Troll-Asian/90.jpg,कोई ऐसे ही नहीं  /  शौचालय का फ्लश दबाता है,2,5,0
90,MX,es,/kaggle/working/Multi3Hate/data/memes/es/Troll-Asian/90.jpg,uno no simplemente  /  presiona la cisterna del inodoro,2,5,0
90,US,en,/kaggle/working/Multi3Hate/data/memes/en/Troll-Asian/90.jpg,one does not simply  /  press the toilet flush,1,3,0
91,CN,zh,/kaggle/working/Multi3Hate/data/memes/zh/Typical-Germany-Lover/91.jpg,两次搞砸了世界  /  抱怨移民,4,5,1
91,DE,de,/kaggle/working/Multi3Hate/data/memes/de/Typical-Germany-Lover/91.jpg,fickt die Welt zweimal  /  beschwere sich über Einwanderer,5,5,1
91,IN,hi,/kaggle/working/Multi3Hate/data/memes/hi/Typical-Germany-Lover/91.jpg,दुनिया को दो बार चोदा  /  आप्रवासियों के बारे में शिकायत करता ,5,5,1
91,MX,es,/kaggle/working/Multi3Hate/data/memes/es/Typical-Germany-Lover/91.jpg,jodió al mundo dos veces  /  se queja de los inmigrantes,2,5,0
91,US,en,/kaggle/working/Multi3Hate/data/memes/en/Typical-Germany-Lover/91.jpg,fucked the world twice  /  complains about immigrants,5,5,1
92,CN,zh,/kaggle/working/Multi3Hate/data/memes/zh/Mexicanotriste/92.jpg,叔叔告诉我他想念你，阿德里安。  /  回到古巴。,2,3,1
92,DE,de,/kaggle/working/Multi3Hate/data/memes/de/Mexicanotriste/92.jpg,"Onkel hat mir gesagt, dass er dich vermisst, Adrian.  /  Komm zurück nach Kuba.",2,5,0
92,IN,hi,/kaggle/working/Multi3Hate/data/memes/hi/Mexicanotriste/92.jpg,"चाचा ने मुझसे कहा कि वह तुम्हें याद करते हैं, एड्रियन।  /  क्यूबा वापस आ जाओ।",1,5,0
92,MX,es,/kaggle/working/Multi3Hate/data/memes/es/Mexicanotriste/92.jpg,"Mi tío me dijo que te extraña, Adrian.  /  regresa a Cuba.",2,3,1
92,US,en,/kaggle/working/Multi3Hate/data/memes/en/Mexicanotriste/92.jpg,"Uncle told me he misses you, adrian.  /  come back to cuba.",2,5,0
93,CN,zh,/kaggle/working/Multi3Hate/data/memes/zh/Nice-White-Girl/93.jpg,但詹妮弗·劳伦斯  /  真是一个伟大的凯特尼斯！,3,5,1
93,DE,de,/kaggle/working/Multi3Hate/data/memes/de/Nice-White-Girl/93.jpg,aber Jennifer Lawrence war  /  so eine tolle Katniss!,1,5,0
93,IN,hi,/kaggle/working/Multi3Hate/data/memes/hi/Nice-White-Girl/93.jpg,लेकिन जेनिफर लॉरेंस  /  इतनी महान कैटनीस थी!,4,5,1
93,MX,es,/kaggle/working/Multi3Hate/data/memes/es/Nice-White-Girl/93.jpg, ¡pero Jennifer Lawrence fue  / una gran Katniss!,2,5,0
93,US,en,/kaggle/working/Multi3Hate/data/memes/en/Nice-White-Girl/93.jpg,but jennifer lawrence was  /  such a great katniss!,0,4,0
94,CN,zh,/kaggle/working/Multi3Hate/data/memes/zh/Asian-College-Freshman/94.jpg,想不出该怎么回复..  /  *去线下*,1,5,0
94,DE,de,/kaggle/working/Multi3Hate/data/memes/de/Asian-College-Freshman/94.jpg,mir fällt keine Antwort ein..  /  *geht offline*,1,5,0
94,IN,hi,/kaggle/working/Multi3Hate/data/memes/hi/Asian-College-Freshman/94.jpg,सोच नहीं पा रहा हूँ कि क्या जवाब दूँ..  /  *ऑफ़लाइन हो जाता हूँ*,0,5,0
94,MX,es,/kaggle/working/Multi3Hate/data/memes/es/Asian-College-Freshman/94.jpg,No puede pensar en qué responder...  /  *se desconecta*,1,5,0
94,US,en,/kaggle/working/Multi3Hate/data/memes/en/Asian-College-Freshman/94.jpg,can't think of what to reply..  /  *goes offline*,0,5,0
95,CN,zh,/kaggle/working/Multi3Hate/data/memes/zh/Success-Germany/95.jpg,如何让法国和英国对你生气  /  只需两个简单步骤,3,5,1
95,DE,de,/kaggle/working/Multi3Hate/data/memes/de/Success-Germany/95.jpg,So machen Sie Frankreich und England wütend  /  in zwei einfachen Schritten,2,5,0
95,IN,hi,/kaggle/working/Multi3Hate/data/memes/hi/Success-Germany/95.jpg,फ्रांस और इंग्लैंड को आपसे नाराज कैसे करें  /  दो आसान चरणों में,5,5,1
95,MX,es,/kaggle/working/Multi3Hate/data/memes/es/Success-Germany/95.jpg,Cómo hacer que Francia e Inglaterra se enojen contigo  /  en dos sencillos pasos,1,3,0
95,US,en,/kaggle/working/Multi3Hate/data/memes/en/Success-Germany/95.jpg,How to get France and England mad at you  /  in two easy steps,2,5,0
96,CN,zh,/kaggle/working/Multi3Hate/data/memes/zh/Feminist-Cunt/96.jpg,我讨厌男人！  /  天啊，我现在需要一个男人的鸡巴……,2,5,0
96,DE,de,/kaggle/working/Multi3Hate/data/memes/de/Feminist-Cunt/96.jpg,"ich hasse Männer!  /  GOTT, ICH BRAUCHE JETZT SOFORT DEN SCHWANZ EINES TYPEN ...",5,5,1
96,IN,hi,/kaggle/working/Multi3Hate/data/memes/hi/Feminist-Cunt/96.jpg,"मुझे मर्दों से नफरत है!  /  भगवान, मुझे अभी एक आदमी का लंड चाहिए...",5,5,1
96,MX,es,/kaggle/working/Multi3Hate/data/memes/es/Feminist-Cunt/96.jpg,"¡odio a los hombres!  /  DIOS, NECESITO LA POLLA DE UN CHICO AHORA MISMO...",5,5,1
96,US,en,/kaggle/working/Multi3Hate/data/memes/en/Feminist-Cunt/96.jpg,"i hate men!  /  GOD, i NEED A GUY'S COCK RIGHT NOW...",3,5,1
97,CN,zh,/kaggle/working/Multi3Hate/data/memes/zh/Obese-American/97.jpg,我的看法没有问题  /  是当今社会的问题,5,5,1
97,DE,de,/kaggle/working/Multi3Hate/data/memes/de/Obese-American/97.jpg,"An meinem Aussehen ist nichts auszusetzen  /  Es ist die heutige Gesellschaft, die falsch liegt",2,5,0
97,IN,hi,/kaggle/working/Multi3Hate/data/memes/hi/Obese-American/97.jpg,मैं जिस तरह दिखता हूँ उसमें कुछ भी ग़लत नहीं है  /  यह आज का समाज ग़लत है,3,5,1
97,MX,es,/kaggle/working/Multi3Hate/data/memes/es/Obese-American/97.jpg,No hay nada malo con mi apariencia  /  Es la sociedad actual la que está mal,4,5,1
97,US,en,/kaggle/working/Multi3Hate/data/memes/en/Obese-American/97.jpg,There's nothing wrong with the way i look  /  It's todays society that's wrong,4,5,1
98,CN,zh,/kaggle/working/Multi3Hate/data/memes/zh/Strict-Policeman/98.jpg,现在她碰了你哪里了  /  仔细想想，这可能是你说的最后一句话,2,5,0
98,DE,de,/kaggle/working/Multi3Hate/data/memes/de/Strict-Policeman/98.jpg,"Wo hat sie dich jetzt berührt?  /  Überlege genau, es könnte das Letzte sein, was du jemals sagst.",4,4,1
98,IN,hi,/kaggle/working/Multi3Hate/data/memes/hi/Strict-Policeman/98.jpg,अब उसने तुम्हें कहाँ छुआ  /  ध्यान से सोचो यह तुम्हारी कही हुई आखिरी बात हो सकती है,5,5,1
98,MX,es,/kaggle/working/Multi3Hate/data/memes/es/Strict-Policeman/98.jpg,"Ahora dónde te tocó  /  Piénsalo bien, podría ser lo último que digas.",4,4,1
98,US,en,/kaggle/working/Multi3Hate/data/memes/en/Strict-Policeman/98.jpg,Now where did she touch you  /  think carefully it could be the last thing you ever say,0,3,0
99,CN,zh,/kaggle/working/Multi3Hate/data/memes/zh/Condescending-Christian/99.jpg,我尊重你的观点  /  “想加入我的青年团体吗？”,3,5,1
99,DE,de,/kaggle/working/Multi3Hate/data/memes/de/Condescending-Christian/99.jpg,Ich respektiere deine Ansichten  /  „Willst du zu meiner Jugendgruppe kommen?“,0,4,0
99,IN,hi,/kaggle/working/Multi3Hate/data/memes/hi/Condescending-Christian/99.jpg,"मैं आपके विचारों का सम्मान करता हूँ  /  ""क्या आप मेरे युवा समूह में आना चाहते हैं?""",0,5,0
99,MX,es,/kaggle/working/Multi3Hate/data/memes/es/Condescending-Christian/99.jpg,"Respeto tus puntos de vista  /  ""¿Quieres venir a mi grupo de jóvenes?""",2,5,0
99,US,en,/kaggle/working/Multi3Hate/data/memes/en/Condescending-Christian/99.jpg,"I respect your views  /  ""want to come to my youth group?""",0,4,0
100,CN,zh,/kaggle/working/Multi3Hate/data/memes/zh/Mexicanotriste/100.jpg,为什么我有...  /  小鸡鸡,3,4,1
100,DE,de,/kaggle/working/Multi3Hate/data/memes/de/Mexicanotriste/100.jpg,WARUM HABE ICH EINEN ..  /  BABYSCHWANZ,3,4,1
100,IN,hi,/kaggle/working/Multi3Hate/data/memes/hi/Mexicanotriste/100.jpg,मेरे पास क्यों है ..  /  बेबी डिक,1,5,0
100,MX,es,/kaggle/working/Multi3Hate/data/memes/es/Mexicanotriste/100.jpg,POR QUÉ TENGO UNA..  /  POLLA DE BEBÉ,5,5,1
100,US,en,/kaggle/working/Multi3Hate/data/memes/en/Mexicanotriste/100.jpg,WHY DO I HAVE A ..  /  BABY DICK,0,4,0
101,CN,zh,/kaggle/working/Multi3Hate/data/memes/zh/Stern-But-Honest-Chinese-Guy/101.jpg,我说我擅长手球  /  但当我为球队试训时，我没能成功,2,5,0
101,DE,de,/kaggle/working/Multi3Hate/data/memes/de/Stern-But-Honest-Chinese-Guy/101.jpg,"Ich sage, ich bin gut im Handball  /  Aber als ich mich für die Mannschaft bewarb, schaffte ich es nicht",1,5,0
101,IN,hi,/kaggle/working/Multi3Hate/data/memes/hi/Stern-But-Honest-Chinese-Guy/101.jpg,मैं कहता हूं कि मैं हैंडबॉल में अच्छा हूं  /  लेकिन जब मैंने टीम के लिए प्रयास किया तो मैं सफल नहीं हो पाया,2,5,0
101,MX,es,/kaggle/working/Multi3Hate/data/memes/es/Stern-But-Honest-Chinese-Guy/101.jpg,Digo que soy bueno en balonmano  /  Pero cuando hice la prueba para el equipo no lo logré,3,5,1
101,US,en,/kaggle/working/Multi3Hate/data/memes/en/Stern-But-Honest-Chinese-Guy/101.jpg,I say i'm good at handball  /  But when i tried out for the team i didn't make it,2,5,0
102,CN,zh,/kaggle/working/Multi3Hate/data/memes/zh/Mexicanotriste/102.jpg,今天做了体力劳动  /  让我想起了你。,3,5,1
102,DE,de,/kaggle/working/Multi3Hate/data/memes/de/Mexicanotriste/102.jpg,Habe heute körperliche Arbeit gemacht  /  Hat mich an dich erinnert.,0,4,0
102,IN,hi,/kaggle/working/Multi3Hate/data/memes/hi/Mexicanotriste/102.jpg,आज शारीरिक श्रम किया  /  खुसको तुम्हारी याद दिलाई ,1,5,0
102,MX,es,/kaggle/working/Multi3Hate/data/memes/es/Mexicanotriste/102.jpg,Hice trabajo manual hoy  /  Me recordó a ti.,1,5,0
102,US,en,/kaggle/working/Multi3Hate/data/memes/en/Mexicanotriste/102.jpg,Did manual labor today  /  Reminded me of you.,3,5,1
103,CN,zh,/kaggle/working/Multi3Hate/data/memes/zh/Jesus-Christ/103.jpg,哟洛？  /  从来没有听说过,3,5,1
103,DE,de,/kaggle/working/Multi3Hate/data/memes/de/Jesus-Christ/103.jpg,du lebst nur einmal?  /  noch nie davon gehört,2,5,0
103,IN,hi,/kaggle/working/Multi3Hate/data/memes/hi/Jesus-Christ/103.jpg,योलो?  /  इसके बारे में कभी नहीं सुना,4,5,1
103,MX,es,/kaggle/working/Multi3Hate/data/memes/es/Jesus-Christ/103.jpg,¿yolo?  /  nunca lo he oído.,0,4,0
103,US,en,/kaggle/working/Multi3Hate/data/memes/en/Jesus-Christ/103.jpg,yolo?  /  never heard of it,0,5,0
104,CN,zh,/kaggle/working/Multi3Hate/data/memes/zh/Success-Germany/104.jpg,借给希腊纳税人的钱  /  仍然被称为纳粹,5,5,1
104,DE,de,/kaggle/working/Multi3Hate/data/memes/de/Success-Germany/104.jpg,leihe Griechenland eigenes Steuergeld  /  WERDE IMMER NOCH ALS NAZI BEZEICHNET,3,5,1
104,IN,hi,/kaggle/working/Multi3Hate/data/memes/hi/Success-Germany/104.jpg,ग्रीस को अपने करदाताओं का पैसा उधार दो  /  फिर भी नाजी कहलाओगे,4,5,1
104,MX,es,/kaggle/working/Multi3Hate/data/memes/es/Success-Germany/104.jpg,prestarle a Grecia el dinero de sus propios contribuyentes  /  TODAVÍA ME LLAMAN NAZI,4,4,1
104,US,en,/kaggle/working/Multi3Hate/data/memes/en/Success-Germany/104.jpg,lend greece own taxpayer money  /  STILL GET CALLED A NAZI,1,3,0
105,CN,zh,/kaggle/working/Multi3Hate/data/memes/zh/Feministfrequently/105.jpg,不，我不去厨房  /  你能帮我打开这个罐子吗？,2,5,0
105,DE,de,/kaggle/working/Multi3Hate/data/memes/de/Feministfrequently/105.jpg,"nein, ich gehe nicht in die Küche.  /  kannst du mir helfen, dieses Glas zu öffnen?",3,5,1
105,IN,hi,/kaggle/working/Multi3Hate/data/memes/hi/Feministfrequently/105.jpg,"नहीं, मैं रसोई में नहीं जा रही हूँ  /  क्या आप मेरे लिए यह जार खोलने में मदद कर सकते हैं?",3,5,1
105,MX,es,/kaggle/working/Multi3Hate/data/memes/es/Feministfrequently/105.jpg,"no, no voy a ir a la cocina  /  ¿Puedes ayudarme a abrir este frasco?",5,5,1
105,US,en,/kaggle/working/Multi3Hate/data/memes/en/Feministfrequently/105.jpg,no im not going in the kitchen  /  can you help open this jar for me?,4,4,1
106,CN,zh,/kaggle/working/Multi3Hate/data/memes/zh/Jewish-Dude/106.jpg,没有受到 reddit 的辱骂  /  感觉受到了歧视,3,5,1
106,DE,de,/kaggle/working/Multi3Hate/data/memes/de/Jewish-Dude/106.jpg,werde nicht von Reddit misshandelt  /  fühle mich diskriminiert,5,5,1
106,IN,hi,/kaggle/working/Multi3Hate/data/memes/hi/Jewish-Dude/106.jpg,रेडिट द्वारा दुर्व्यवहार नहीं किया जाना  /  भेदभाव महसूस होता है,4,5,1
106,MX,es,/kaggle/working/Multi3Hate/data/memes/es/Jewish-Dude/106.jpg,no ser abusado por reddit  /  se siente discriminado,5,5,1
106,US,en,/kaggle/working/Multi3Hate/data/memes/en/Jewish-Dude/106.jpg,not getting abused by reddit  /  feels discriminated against,4,4,1
107,CN,zh,/kaggle/working/Multi3Hate/data/memes/zh/Strict-Policeman/107.jpg,我并不总是打败青少年  /  但当我打败他们时，我最喜欢的是那些叫迈克·马诺尔的人,4,5,1
107,DE,de,/kaggle/working/Multi3Hate/data/memes/de/Strict-Policeman/107.jpg,"ich schlage nicht immer Teenager  /  aber wenn ich es tue, sind meine FAVORITEN diejenigen, die Mike Manol heißen",5,5,1
107,IN,hi,/kaggle/working/Multi3Hate/data/memes/hi/Strict-Policeman/107.jpg,मैं हमेशा किशोरों को नहीं पीटता  /  लेकिन जब पीटता हूँ तो मेरे पसंदीदा होते हैं माइक मैनोल नाम के लोग,4,5,1
107,MX,es,/kaggle/working/Multi3Hate/data/memes/es/Strict-Policeman/107.jpg,"No siempre golpeo a adolescentes  /  pero cuando lo hago, mis FAVORITOS son los que se llaman Mike Manol.",4,5,1
107,US,en,/kaggle/working/Multi3Hate/data/memes/en/Strict-Policeman/107.jpg,i dont always beat teenagers  /  but when i do my FAVORITEs are ones named mike manol,4,4,1
108,CN,zh,/kaggle/working/Multi3Hate/data/memes/zh/Strict-Policeman/108.jpg,有趣的警察  /  成为朋友并亲吻,2,3,1
108,DE,de,/kaggle/working/Multi3Hate/data/memes/de/Strict-Policeman/108.jpg,lustige Polizei  /  Freunde sein und küssen,0,4,0
108,IN,hi,/kaggle/working/Multi3Hate/data/memes/hi/Strict-Policeman/108.jpg,मजेदार पुलिस  /  दोस्त बनो और चूमो,5,5,1
108,MX,es,/kaggle/working/Multi3Hate/data/memes/es/Strict-Policeman/108.jpg,Policía de la diversión   /  Sean amigos y bésense,0,5,0
108,US,en,/kaggle/working/Multi3Hate/data/memes/en/Strict-Policeman/108.jpg,fun police  /  be friends and kiss,1,4,0
109,CN,zh,/kaggle/working/Multi3Hate/data/memes/zh/Feministfrequently/109.jpg,当你吵不过一个男的的时候 / 大喊“特权”,1,4,0
109,DE,de,/kaggle/working/Multi3Hate/data/memes/de/Feministfrequently/109.jpg,Wenn Sie einem Mann mit Argumenten nicht überlegen sind  /  Schreien Sie einfach etwas von „Privilegien“.,5,5,1
109,IN,hi,/kaggle/working/Multi3Hate/data/memes/hi/Feministfrequently/109.jpg,"यदि आप किसी आदमी से बहस नहीं कर सकते  /  तो बस ""विशेषाधिकार"" के बारे में चिल्लाएं।",4,5,1
109,MX,es,/kaggle/working/Multi3Hate/data/memes/es/Feministfrequently/109.jpg,"Si no puedes superar a un Hombre  /  Sólo grita sobre ""Privilegio"".",5,5,1
109,US,en,/kaggle/working/Multi3Hate/data/memes/en/Feministfrequently/109.jpg,"If you can't outargue a Man  /  Just scream about ""Privilege.""",4,5,1
110,CN,zh,/kaggle/working/Multi3Hate/data/memes/zh/Good-Chinese-Student/110.jpg,无论如何  / ,0,5,0
110,DE,de,/kaggle/working/Multi3Hate/data/memes/de/Good-Chinese-Student/110.jpg,was auch immer  /  ,0,5,0
110,IN,hi,/kaggle/working/Multi3Hate/data/memes/hi/Good-Chinese-Student/110.jpg,जो कुछ भी  /  ,0,4,0
110,MX,es,/kaggle/working/Multi3Hate/data/memes/es/Good-Chinese-Student/110.jpg,como sea  / ,0,5,0
110,US,en,/kaggle/working/Multi3Hate/data/memes/en/Good-Chinese-Student/110.jpg,what ever  /  ,0,5,0
111,CN,zh,/kaggle/working/Multi3Hate/data/memes/zh/Bad-Advice-Asian/111.jpg,带上你的狗  /  我们有鸡？,1,5,0
111,DE,de,/kaggle/working/Multi3Hate/data/memes/de/Bad-Advice-Asian/111.jpg,bring dein Hund mit  /  wir haben Hühnchen?,3,5,1
111,IN,hi,/kaggle/working/Multi3Hate/data/memes/hi/Bad-Advice-Asian/111.jpg,अपना कुत्ता लाओ  /  हमारे पास मुर्गा है?,2,5,0
111,MX,es,/kaggle/working/Multi3Hate/data/memes/es/Bad-Advice-Asian/111.jpg,trae a tu perro  /  ¿tenemos pollo?,3,5,1
111,US,en,/kaggle/working/Multi3Hate/data/memes/en/Bad-Advice-Asian/111.jpg,bring your dog  /  we have chicken?,5,5,1
112,CN,zh,/kaggle/working/Multi3Hate/data/memes/zh/Like-A-Jew/112.jpg,收银员说“圣诞快乐”  /  要求多元文化,4,5,1
112,DE,de,/kaggle/working/Multi3Hate/data/memes/de/Like-A-Jew/112.jpg,"Kassiererin sagt ""Frohe Weihnachten""  /  fordert Multikulturalismus",3,5,1
112,IN,hi,/kaggle/working/Multi3Hate/data/memes/hi/Like-A-Jew/112.jpg,"कैशियर कहता है ""मेरी क्रिसमस""  /  बहुसंस्कृतिवाद की मांग करता है",3,5,1
112,MX,es,/kaggle/working/Multi3Hate/data/memes/es/Like-A-Jew/112.jpg,"cajero dice ""feliz navidad""  /  exige multiculturalismo",3,5,1
112,US,en,/kaggle/working/Multi3Hate/data/memes/en/Like-A-Jew/112.jpg,"cashier says ""merry christmas""  /  demands multiculturalism",3,5,1
113,CN,zh,/kaggle/working/Multi3Hate/data/memes/zh/Stern-But-Honest-Chinese-Guy/113.jpg,你在奥运会上表现出色  /  但在资金管理上却很糟糕。,5,5,1
113,DE,de,/kaggle/working/Multi3Hate/data/memes/de/Stern-But-Honest-Chinese-Guy/113.jpg,Du bist gut bei den Olympischen Spielen  /  aber schrecklich im Geldmanagement.,4,5,1
113,IN,hi,/kaggle/working/Multi3Hate/data/memes/hi/Stern-But-Honest-Chinese-Guy/113.jpg,आप ओलंपिक में अच्छे हैं  /  लेकिन धन प्रबंधन में बहुत खराब हैं।,4,5,1
113,MX,es,/kaggle/working/Multi3Hate/data/memes/es/Stern-But-Honest-Chinese-Guy/113.jpg,Eres bueno en los Juegos Olímpicos  /  pero terrible en la administración del dinero.,4,5,1
113,US,en,/kaggle/working/Multi3Hate/data/memes/en/Stern-But-Honest-Chinese-Guy/113.jpg,You are good at the olympics  /  but terrible at money management.,4,4,1
114,CN,zh,/kaggle/working/Multi3Hate/data/memes/zh/Transvestite-Trevor/114.jpg,这是一个陷阱！！！  /  ,1,5,0
114,DE,de,/kaggle/working/Multi3Hate/data/memes/de/Transvestite-Trevor/114.jpg,ES IST EINE FALLE!!!  /  ,2,5,0
114,IN,hi,/kaggle/working/Multi3Hate/data/memes/hi/Transvestite-Trevor/114.jpg,यह एक जाल है!!!  / ,4,4,1
114,MX,es,/kaggle/working/Multi3Hate/data/memes/es/Transvestite-Trevor/114.jpg,¡¡¡ES UNA TRAMPA!!!  /  ,1,5,0
114,US,en,/kaggle/working/Multi3Hate/data/memes/en/Transvestite-Trevor/114.jpg,IT'S A TRAP!!!  /  ,2,5,0
115,CN,zh,/kaggle/working/Multi3Hate/data/memes/zh/Troll-Asian/115.jpg,我非常该死的开心  /  对于足球,2,5,0
115,DE,de,/kaggle/working/Multi3Hate/data/memes/de/Troll-Asian/115.jpg,Ich bin verdammt glücklich  /  über Fußball,0,5,0
115,IN,hi,/kaggle/working/Multi3Hate/data/memes/hi/Troll-Asian/115.jpg,मैं बहुत खुश हूं  /  फुटबॉल को लेके ,2,5,0
115,MX,es,/kaggle/working/Multi3Hate/data/memes/es/Troll-Asian/115.jpg,Estoy muy contento  /  con el fútbol,0,5,0
115,US,en,/kaggle/working/Multi3Hate/data/memes/en/Troll-Asian/115.jpg,I'm pretty damn happy  /  about football,0,5,0
116,CN,zh,/kaggle/working/Multi3Hate/data/memes/zh/Troll-Asian/116.jpg,亚洲杰瑞问你去哪里创作表情包  /  用它来对付你...真是个混蛋！,3,5,1
116,DE,de,/kaggle/working/Multi3Hate/data/memes/de/Troll-Asian/116.jpg,"Der Asiate Jerry fragt, wo man ein Meme erstellen kann  /  und verwendet es gegen dich ... so ein Arschloch!",4,5,1
116,IN,hi,/kaggle/working/Multi3Hate/data/memes/hi/Troll-Asian/116.jpg,एशियाई जेरी पूछता है कि आप मीम बनाने कहां जाते हैं  /  उसे आपके खिलाफ इस्तेमाल करता है... कितना हरामी है!,5,5,1
116,MX,es,/kaggle/working/Multi3Hate/data/memes/es/Troll-Asian/116.jpg,Jerry asiático pregunta dónde vas a crear un meme  /  lo usa en tu contra... ¡qué idiota!,4,5,1
116,US,en,/kaggle/working/Multi3Hate/data/memes/en/Troll-Asian/116.jpg,Asian Jerry asks where you go to create a meme  /  uses it against you...such an asshole!,4,5,1
117,CN,zh,/kaggle/working/Multi3Hate/data/memes/zh/Stern-But-Honest-Chinese-Guy/117.jpg,洗脑导致了我们所有的问题  /  所以我们需要更多的洗脑,4,5,1
117,DE,de,/kaggle/working/Multi3Hate/data/memes/de/Stern-But-Honest-Chinese-Guy/117.jpg,Gehirnwäsche hat all unsere Probleme verursacht  /  also brauchen wir mehr Gehirnwäsche,4,5,1
117,IN,hi,/kaggle/working/Multi3Hate/data/memes/hi/Stern-But-Honest-Chinese-Guy/117.jpg,ब्रेनवॉशिंग के कारण ही हमारी सारी समस्याएं उत्पन्न हुई हैं  /  इसलिए हमें और अधिक ब्रेनवॉशिंग की आवश्यकता है,4,5,1
117,MX,es,/kaggle/working/Multi3Hate/data/memes/es/Stern-But-Honest-Chinese-Guy/117.jpg,El lavado de cerebro causó todos nuestros problemas  /  así que necesitamos más lavado de cerebro.,4,5,1
117,US,en,/kaggle/working/Multi3Hate/data/memes/en/Stern-But-Honest-Chinese-Guy/117.jpg,Brainwashing caused all our problems  /  so we need more brainwashing,3,4,1
118,CN,zh,/kaggle/working/Multi3Hate/data/memes/zh/Obese-American/118.jpg,你是打算…  /  吃掉那面旗子吗？,5,5,1
118,DE,de,/kaggle/working/Multi3Hate/data/memes/de/Obese-American/118.jpg,Wirst du  /  diese Flagge essen?,5,5,1
118,IN,hi,/kaggle/working/Multi3Hate/data/memes/hi/Obese-American/118.jpg,क्या आप  /  उस झंडे को खा रहे हैं?,5,5,1
118,MX,es,/kaggle/working/Multi3Hate/data/memes/es/Obese-American/118.jpg,¿Te vas a comer  /  esa bandera?,5,5,1
118,US,en,/kaggle/working/Multi3Hate/data/memes/en/Obese-American/118.jpg,Are you going to  /  eat that flag?,5,5,1
119,CN,zh,/kaggle/working/Multi3Hate/data/memes/zh/White-Power-Problems/119.jpg,犹太教思想  /  是一场竞赛,5,5,1
119,DE,de,/kaggle/working/Multi3Hate/data/memes/de/White-Power-Problems/119.jpg,"DENKT, DAS JUDENTUM  /  IST EINE RASSE",3,5,1
119,IN,hi,/kaggle/working/Multi3Hate/data/memes/hi/White-Power-Problems/119.jpg,वो सोचता है यहूदी धर्म  /  एक जाति है,3,4,1
119,MX,es,/kaggle/working/Multi3Hate/data/memes/es/White-Power-Problems/119.jpg,PIENSA QUE EL JUDAÍSMO  /  ES UNA RAZA.,3,4,1
119,US,en,/kaggle/working/Multi3Hate/data/memes/en/White-Power-Problems/119.jpg,THINKS JUDAISM  /  IS A RACE,3,5,1
120,CN,zh,/kaggle/working/Multi3Hate/data/memes/zh/Condescending-Christian/120.jpg,事情并不如我们所愿  /  救命！我们被迫害了！！！,5,5,1
120,DE,de,/kaggle/working/Multi3Hate/data/memes/de/Condescending-Christian/120.jpg,"Es läuft nicht so, wie wir es uns wünschen  /  Hilfe! Wir werden verfolgt!!!",4,4,1
120,IN,hi,/kaggle/working/Multi3Hate/data/memes/hi/Condescending-Christian/120.jpg,चीजें हमारे अनुसार नहीं हो रही हैं  /  मदद करें! हमें सताया जा रहा है!!!,1,5,0
120,MX,es,/kaggle/working/Multi3Hate/data/memes/es/Condescending-Christian/120.jpg,Las cosas no están saliendo como queremos  /  Ayuda! Estamos siendo perseguidos!!!,3,5,1
120,US,en,/kaggle/working/Multi3Hate/data/memes/en/Condescending-Christian/120.jpg,Things aren't going our way  /  help! we're being persecuted!!!,3,5,1
121,CN,zh,/kaggle/working/Multi3Hate/data/memes/zh/Transvestite-Trevor/121.jpg,别担心  /  我也可以成为 nathan,3,4,1
121,DE,de,/kaggle/working/Multi3Hate/data/memes/de/Transvestite-Trevor/121.jpg,mach dir keine Sorgen  /  ich kann auch Nathan sein,2,3,1
121,IN,hi,/kaggle/working/Multi3Hate/data/memes/hi/Transvestite-Trevor/121.jpg,चिंता मत करो  /  मैं भी नाथन बन सकता हूँ,1,5,0
121,MX,es,/kaggle/working/Multi3Hate/data/memes/es/Transvestite-Trevor/121.jpg,No te preocupes  /  también puedo ser Nathan.,4,5,1
121,US,en,/kaggle/working/Multi3Hate/data/memes/en/Transvestite-Trevor/121.jpg,don't worry  /  i can be nathan too,3,5,1
122,CN,zh,/kaggle/working/Multi3Hate/data/memes/zh/Y-U-So-Arab/122.jpg,爸爸  /  你为什么一直对我大喊大叫,1,5,0
122,DE,de,/kaggle/working/Multi3Hate/data/memes/de/Y-U-So-Arab/122.jpg,"Vater  /  warum hörst du nicht auf, mich anzuschreien",1,4,0
122,IN,hi,/kaggle/working/Multi3Hate/data/memes/hi/Y-U-So-Arab/122.jpg,पिताजी  /  आप मुझ पर चिल्लाना बंद क्यों नहीं करते?,3,5,1
122,MX,es,/kaggle/working/Multi3Hate/data/memes/es/Y-U-So-Arab/122.jpg,padre  /  ¿por qué no dejas de gritarme?,3,4,1
122,US,en,/kaggle/working/Multi3Hate/data/memes/en/Y-U-So-Arab/122.jpg,father  /  why do you not stop yelling at me,0,4,0
123,CN,zh,/kaggle/working/Multi3Hate/data/memes/zh/Sassy-Black-Woman/123.jpg,带我去麦当劳  /  在我打败你之前,2,5,0
123,DE,de,/kaggle/working/Multi3Hate/data/memes/de/Sassy-Black-Woman/123.jpg,BRING MICH ZU MCDONALDS  /  BEVOR ICH DICH SCHLAGE,3,4,1
123,IN,hi,/kaggle/working/Multi3Hate/data/memes/hi/Sassy-Black-Woman/123.jpg,मुझे McDonald's ले आओ  /  इससे पहले कि मैं तुम्हें मारूँ।,5,5,1
123,MX,es,/kaggle/working/Multi3Hate/data/memes/es/Sassy-Black-Woman/123.jpg,Llévame a McDonald's  /  ANTES DE QUE TE PEGUE.,4,5,1
123,US,en,/kaggle/working/Multi3Hate/data/memes/en/Sassy-Black-Woman/123.jpg,BRING ME TO MCDONALDS  /  BEFORE I BEAT YOU,4,5,1
124,CN,zh,/kaggle/working/Multi3Hate/data/memes/zh/Sassy-Black-Woman/124.jpg,闭上你的  /  嘴,0,5,0
124,DE,de,/kaggle/working/Multi3Hate/data/memes/de/Sassy-Black-Woman/124.jpg,HALT DEIN  /  MUND,0,5,0
124,IN,hi,/kaggle/working/Multi3Hate/data/memes/hi/Sassy-Black-Woman/124.jpg,बंद करो अपना  /  मुँह,3,5,1
124,MX,es,/kaggle/working/Multi3Hate/data/memes/es/Sassy-Black-Woman/124.jpg,CIERRA TU  /  BOCA,0,5,0
124,US,en,/kaggle/working/Multi3Hate/data/memes/en/Sassy-Black-Woman/124.jpg,SHUT YOUR  /  MOUTH,0,5,0
125,CN,zh,/kaggle/working/Multi3Hate/data/memes/zh/Sassy-Black-Woman/125.jpg,不要，  /  停下这辆卡车！,1,4,0
125,DE,de,/kaggle/working/Multi3Hate/data/memes/de/Sassy-Black-Woman/125.jpg,STOPP  /  DIESEN LKW NICHT!,4,5,1
125,IN,hi,/kaggle/working/Multi3Hate/data/memes/hi/Sassy-Black-Woman/125.jpg,बिलकुल नहीं   /  रोकना इस ट्रक को !,5,5,1
125,MX,es,/kaggle/working/Multi3Hate/data/memes/es/Sassy-Black-Woman/125.jpg,"¡NO,  /  DETENGAS ESTE CAMIÓN!",0,3,0
125,US,en,/kaggle/working/Multi3Hate/data/memes/en/Sassy-Black-Woman/125.jpg,"DO NOT,  /  STOP THIS TRUCK!",0,5,0
126,CN,zh,/kaggle/working/Multi3Hate/data/memes/zh/Y-U-So-Arab/126.jpg,你可以做任何你想做的事  /  但我们要吃晚饭,0,5,0
126,DE,de,/kaggle/working/Multi3Hate/data/memes/de/Y-U-So-Arab/126.jpg,du kannst machen was du willst  /  aber wir essen zu Abend,0,5,0
126,IN,hi,/kaggle/working/Multi3Hate/data/memes/hi/Y-U-So-Arab/126.jpg,आप जो चाहें कर सकते हैं  /  लेकिन हम खाना खा रहे हैं,0,4,0
126,MX,es,/kaggle/working/Multi3Hate/data/memes/es/Y-U-So-Arab/126.jpg,puedes hacer lo que quieras  /  pero vamos a cenar,0,4,0
126,US,en,/kaggle/working/Multi3Hate/data/memes/en/Y-U-So-Arab/126.jpg,you can do whatever you want  /  but we're having dinner,0,5,0
127,CN,zh,/kaggle/working/Multi3Hate/data/memes/zh/Success-Germany/127.jpg,输掉了两次世界大战  /  仍然认为它们是最好的,5,5,1
127,DE,de,/kaggle/working/Multi3Hate/data/memes/de/Success-Germany/127.jpg,"hat 2 Weltkriege verloren  /  denkt immer noch, sie seien die besten",4,5,1
127,IN,hi,/kaggle/working/Multi3Hate/data/memes/hi/Success-Germany/127.jpg,2 विश्व युद्ध हारे  /  अभी भी सोचते हैं कि वे सर्वश्रेष्ठ हैं,4,5,1
127,MX,es,/kaggle/working/Multi3Hate/data/memes/es/Success-Germany/127.jpg,Perdí 2 guerras mundiales  /  todavía piensa que son las mejores.,3,5,1
127,US,en,/kaggle/working/Multi3Hate/data/memes/en/Success-Germany/127.jpg,lost 2 world wars  /  still thinks they are the best,3,4,1
128,CN,zh,/kaggle/working/Multi3Hate/data/memes/zh/Germany-Pls/128.jpg,说一种被认为适合咒骂的语言  /  每个人都说“fuck”,1,5,0
128,DE,de,/kaggle/working/Multi3Hate/data/memes/de/Germany-Pls/128.jpg,"eine Sprache sprechen, die zum Fluchen geeignet ist  /  jeder sagt ""fuck""",0,5,0
128,IN,hi,/kaggle/working/Multi3Hate/data/memes/hi/Germany-Pls/128.jpg,"ऐसी भाषा बोलो जो गाली देने के लिए अच्छी मानी जाती है  /  हर कोई ""fuck"" बोलता है ",4,5,1
128,MX,es,/kaggle/working/Multi3Hate/data/memes/es/Germany-Pls/128.jpg,"Habla un idioma considerado bueno para maldecir  /  todos dicen ""fuck"".",0,4,0
128,US,en,/kaggle/working/Multi3Hate/data/memes/en/Germany-Pls/128.jpg,"speak a language considered good for swearing in  /  everyone says ""fuck""",0,5,0
129,CN,zh,/kaggle/working/Multi3Hate/data/memes/zh/Obese-American/129.jpg,只要你努力工作，你就会成功！  /  每周工作 70 小时，住在拖车里,4,5,1
129,DE,de,/kaggle/working/Multi3Hate/data/memes/de/Obese-American/129.jpg,"Wenn du nur hart arbeitest, wirst du Erfolg haben!  /  arbeitet 70 Stunden pro Woche, lebt in einem Wohnwagen",3,5,1
129,IN,hi,/kaggle/working/Multi3Hate/data/memes/hi/Obese-American/129.jpg,"अगर आप कड़ी मेहनत करेंगे, तो सफल होंगे!  /  सप्ताह में 70 घंटे काम करते हैं, ट्रेलर में रहते हैं",3,5,1
129,MX,es,/kaggle/working/Multi3Hate/data/memes/es/Obese-American/129.jpg,"¡Si trabajas duro, tendrás éxito!  /  trabaja 70 horas a la semana, vive en una caravana.",3,4,1
129,US,en,/kaggle/working/Multi3Hate/data/memes/en/Obese-American/129.jpg,"If you just work hard, you'll succeed!  /  works 70 hour weeks, lives in a trailer",2,5,0
130,CN,zh,/kaggle/working/Multi3Hate/data/memes/zh/Privilege-Abusing-White-Couple/130.jpg,全球变暖非常有害 / 尤其是对德科角的房价,0,4,0
130,DE,de,/kaggle/working/Multi3Hate/data/memes/de/Privilege-Abusing-White-Couple/130.jpg,Die globale Erwärmung ist wirklich schlimm  /  für die Immobilienwerte auf Cape Cod,1,5,0
130,IN,hi,/kaggle/working/Multi3Hate/data/memes/hi/Privilege-Abusing-White-Couple/130.jpg,ग्लोबल वार्मिंग वास्तव में खराब है  /  केप कॉड पर संपत्ति मूल्यों के लिए,3,5,1
130,MX,es,/kaggle/working/Multi3Hate/data/memes/es/Privilege-Abusing-White-Couple/130.jpg,El calentamiento global es realmente malo  /  para el valor de las propiedades en Cape Cod,4,6,1
130,US,en,/kaggle/working/Multi3Hate/data/memes/en/Privilege-Abusing-White-Couple/130.jpg,global warming is really bad  /  for property values on cape cod,1,5,0
131,CN,zh,/kaggle/working/Multi3Hate/data/memes/zh/Privilege-Abusing-White-Couple/131.jpg,少数民族儿童值得被录取  /  进入最好的职业学校,3,5,1
131,DE,de,/kaggle/working/Multi3Hate/data/memes/de/Privilege-Abusing-White-Couple/131.jpg,Kinder von Minderheiten haben ein Recht auf Aufnahme  /  in die besten Berufsschulen,4,5,1
131,IN,hi,/kaggle/working/Multi3Hate/data/memes/hi/Privilege-Abusing-White-Couple/131.jpg,अल्पसंख्यक बच्चों को प्रवेश मिलना चाहिए  /  सर्वश्रेष्ठ ट्रेड स्कूलों में,2,5,0
131,MX,es,/kaggle/working/Multi3Hate/data/memes/es/Privilege-Abusing-White-Couple/131.jpg,Los niños de minorías merecen ser admitidos  /  en las mejores escuelas de oficios.,2,5,0
131,US,en,/kaggle/working/Multi3Hate/data/memes/en/Privilege-Abusing-White-Couple/131.jpg,minority children deserve to be admitted  /  into the best trade schools,1,3,0
132,CN,zh,/kaggle/working/Multi3Hate/data/memes/zh/Privilege-Abusing-White-Couple/132.jpg,在 facebook 上认识一位黑人  /  他似乎很善于表达,4,5,1
132,DE,de,/kaggle/working/Multi3Hate/data/memes/de/Privilege-Abusing-White-Couple/132.jpg,Befreunde einen schwarzen Mann auf Facebook an  /  er scheint sehr wortgewandt zu sein,4,5,1
132,IN,hi,/kaggle/working/Multi3Hate/data/memes/hi/Privilege-Abusing-White-Couple/132.jpg,फेसबुक पर एक अश्वेत व्यक्ति से मित्रता हुई  /  वह बहुत स्पष्टवादी लगता है,5,5,1
132,MX,es,/kaggle/working/Multi3Hate/data/memes/es/Privilege-Abusing-White-Couple/132.jpg,Agrega a un hombre negro en Facebook  /  parece muy elocuente.,4,5,1
132,US,en,/kaggle/working/Multi3Hate/data/memes/en/Privilege-Abusing-White-Couple/132.jpg,friends a black man on facebook  /  he seems very articulate,4,5,1
133,CN,zh,/kaggle/working/Multi3Hate/data/memes/zh/Privilege-Abusing-White-Couple/133.jpg,难以支付抵押贷款  /  我把支票簿忘在家里了,0,4,0
133,DE,de,/kaggle/working/Multi3Hate/data/memes/de/Privilege-Abusing-White-Couple/133.jpg,Probleme mit der Hypothekenzahlung  /  Ich habe mein Scheckbuch zu Hause vergessen,1,5,0
133,IN,hi,/kaggle/working/Multi3Hate/data/memes/hi/Privilege-Abusing-White-Couple/133.jpg,बंधक भुगतान करने में परेशानी  /  मैंने अपनी चेकबुक घर पर छोड़ दी,0,5,0
133,MX,es,/kaggle/working/Multi3Hate/data/memes/es/Privilege-Abusing-White-Couple/133.jpg,Problemas al pagar la hipoteca  /  dejé mi chequera en casa.,4,5,1
133,US,en,/kaggle/working/Multi3Hate/data/memes/en/Privilege-Abusing-White-Couple/133.jpg,trouble making the mortgage payment  /  i left my checkbook at home,1,4,0
134,CN,zh,/kaggle/working/Multi3Hate/data/memes/zh/American-Flag-Shotgun-Guy/134.jpg,第七天  /  上帝创造了步枪,3,5,1
134,DE,de,/kaggle/working/Multi3Hate/data/memes/de/American-Flag-Shotgun-Guy/134.jpg,AM SIEBTEN TAG  /  SCHUF GOTT DAS GEWEHR,1,3,0
134,IN,hi,/kaggle/working/Multi3Hate/data/memes/hi/American-Flag-Shotgun-Guy/134.jpg,सातवें दिन  /  परमेश्वर ने राइफल बनाई,3,5,1
134,MX,es,/kaggle/working/Multi3Hate/data/memes/es/American-Flag-Shotgun-Guy/134.jpg,EN EL SÉPTIMO DÍA  /  DIOS CREÓ EL RIFLE,1,5,0
134,US,en,/kaggle/working/Multi3Hate/data/memes/en/American-Flag-Shotgun-Guy/134.jpg,ON THE SEVENTH DAY  /  GOD CREATED THE RIFLE,1,5,0
135,CN,zh,/kaggle/working/Multi3Hate/data/memes/zh/Bad-Advice-Asian/135.jpg,一公斤鸡翅。  /  ,0,5,0
135,DE,de,/kaggle/working/Multi3Hate/data/memes/de/Bad-Advice-Asian/135.jpg,ein Kilo Hähnchenflügel.  /  ,0,5,0
135,IN,hi,/kaggle/working/Multi3Hate/data/memes/hi/Bad-Advice-Asian/135.jpg,एक किलो चिकन पंख.  /  ,3,5,1
135,MX,es,/kaggle/working/Multi3Hate/data/memes/es/Bad-Advice-Asian/135.jpg,un kilo de alitas de pollo.  /  ,0,5,0
135,US,en,/kaggle/working/Multi3Hate/data/memes/en/Bad-Advice-Asian/135.jpg,one kilo of chicken wings.  /  ,1,5,0
136,CN,zh,/kaggle/working/Multi3Hate/data/memes/zh/Privilege-Abusing-White-Couple/136.jpg,身着黑衣的亚洲人  /  你是忍者吗？,4,4,1
136,DE,de,/kaggle/working/Multi3Hate/data/memes/de/Privilege-Abusing-White-Couple/136.jpg,Asiaten gekleidet in Schwarz  /  Bist du ein Ninja?,5,5,1
136,IN,hi,/kaggle/working/Multi3Hate/data/memes/hi/Privilege-Abusing-White-Couple/136.jpg,काले कपड़े पहने एशियाई  /  क्या आप निंजा हैं?,4,5,1
136,MX,es,/kaggle/working/Multi3Hate/data/memes/es/Privilege-Abusing-White-Couple/136.jpg,Asiática vestida de negro  /  ¿Eres un ninja?,3,5,1
136,US,en,/kaggle/working/Multi3Hate/data/memes/en/Privilege-Abusing-White-Couple/136.jpg,Asian dressed in black  /  Are you a ninja?,5,5,1
137,CN,zh,/kaggle/working/Multi3Hate/data/memes/zh/American-Flag-Shotgun-Guy/137.jpg,猜猜看  /  今天是退伍军人节,1,4,0
137,DE,de,/kaggle/working/Multi3Hate/data/memes/de/American-Flag-Shotgun-Guy/137.jpg,Ratet mal  /  es ist Veteranentag,3,5,1
137,IN,hi,/kaggle/working/Multi3Hate/data/memes/hi/American-Flag-Shotgun-Guy/137.jpg,अंदाज़ा लगाओ क्या है  /  यह दिग्गजों का दिन है,3,5,1
137,MX,es,/kaggle/working/Multi3Hate/data/memes/es/American-Flag-Shotgun-Guy/137.jpg,Adivina qué  /  Es el día de los veteranos,3,5,1
137,US,en,/kaggle/working/Multi3Hate/data/memes/en/American-Flag-Shotgun-Guy/137.jpg,Guess what  /  its veterans day,0,5,0
138,CN,zh,/kaggle/working/Multi3Hate/data/memes/zh/American-Flag-Shotgun-Guy/138.jpg,南部会 / 再次崛起,5,5,1
138,DE,de,/kaggle/working/Multi3Hate/data/memes/de/American-Flag-Shotgun-Guy/138.jpg,SÜDEN WIRD  /  WIEDER AUFERSTEHEN,2,5,0
138,IN,hi,/kaggle/working/Multi3Hate/data/memes/hi/American-Flag-Shotgun-Guy/138.jpg,दक्षिण  /  फिर उठेगा,1,5,0
138,MX,es,/kaggle/working/Multi3Hate/data/memes/es/American-Flag-Shotgun-Guy/138.jpg,EL SUR  /  SE LEVANTARÁ,3,5,1
138,US,en,/kaggle/working/Multi3Hate/data/memes/en/American-Flag-Shotgun-Guy/138.jpg,SOUTH WILL  /  RISE AGAIN,3,4,1
139,CN,zh,/kaggle/working/Multi3Hate/data/memes/zh/Feminist-Cunt/139.jpg,被一群黑人性骚扰  /  归咎于白人男性父权制,4,5,1
139,DE,de,/kaggle/working/Multi3Hate/data/memes/de/Feminist-Cunt/139.jpg,Sexuell belästigt von einer Gruppe schwarzer Männer  /  Schuld ist das weiße männliche Patriarchat,3,5,1
139,IN,hi,/kaggle/working/Multi3Hate/data/memes/hi/Feminist-Cunt/139.jpg,काले लोगों के समूह द्वारा यौन उत्पीड़न  /  श्वेत पुरुष पितृसत्ता को दोषी ठहराया,4,5,1
139,MX,es,/kaggle/working/Multi3Hate/data/memes/es/Feminist-Cunt/139.jpg,Acosado sexualmente por un grupo de negros  /  culpa al patriarcado masculino blanco,5,5,1
139,US,en,/kaggle/working/Multi3Hate/data/memes/en/Feminist-Cunt/139.jpg,Sexually harassed by group of black guys  /  blames the white male patriarchy,5,5,1
140,CN,zh,/kaggle/working/Multi3Hate/data/memes/zh/Condescending-Christian/140.jpg,去教堂的人越来越少。  /  指责无神论者。,4,5,1
140,DE,de,/kaggle/working/Multi3Hate/data/memes/de/Condescending-Christian/140.jpg,weniger Leute kommen in die Kirche.  /  gibt den Atheisten die Schuld.,3,5,1
140,IN,hi,/kaggle/working/Multi3Hate/data/memes/hi/Condescending-Christian/140.jpg,चर्च में कम लोग आ रहे हैं।  /  नास्तिकों को दोषी ठहराया।,5,5,1
140,MX,es,/kaggle/working/Multi3Hate/data/memes/es/Condescending-Christian/140.jpg,Menos gente viene a la iglesia.  /  culpa a los ateos.,2,5,0
140,US,en,/kaggle/working/Multi3Hate/data/memes/en/Condescending-Christian/140.jpg,fewer people coming to church.  /  blames atheists.,3,5,1
141,CN,zh,/kaggle/working/Multi3Hate/data/memes/zh/White-Power-Problems/141.jpg,想要捍卫“白人传统”  /  住在纽约，吃麦当劳,5,5,1
141,DE,de,/kaggle/working/Multi3Hate/data/memes/de/White-Power-Problems/141.jpg,"will die ""weiße Tradition"" verteidigen  /  lebt in NY und isst bei McDonalds",3,5,1
141,IN,hi,/kaggle/working/Multi3Hate/data/memes/hi/White-Power-Problems/141.jpg,"""श्वेत परंपरा"" का बचाव करना चाहता है  /  न्यूयॉर्क में रहता है और मैकडॉनल्ड्स में खाता है",4,5,1
141,MX,es,/kaggle/working/Multi3Hate/data/memes/es/White-Power-Problems/141.jpg,"quiere defender la ""tradición blanca""  /  vive en Nueva York y come en mcdonalds",5,5,1
141,US,en,/kaggle/working/Multi3Hate/data/memes/en/White-Power-Problems/141.jpg,"wants to defend ""white tradition""  /  lives in NY and eats at mcdonalds",4,4,1
142,CN,zh,/kaggle/working/Multi3Hate/data/memes/zh/American-Flag-Shotgun-Guy/142.jpg,他们拿走了  /  我们的工作!!!,5,5,1
142,DE,de,/kaggle/working/Multi3Hate/data/memes/de/American-Flag-Shotgun-Guy/142.jpg,Sie haben  /  uns die Jobs weggenommen!!!,3,4,1
142,IN,hi,/kaggle/working/Multi3Hate/data/memes/hi/American-Flag-Shotgun-Guy/142.jpg,उन्होंने ले ली   /  हमारी नौकरियाँ!!!,4,5,1
142,MX,es,/kaggle/working/Multi3Hate/data/memes/es/American-Flag-Shotgun-Guy/142.jpg,¡¡¡Nos quitaron   /   nuestro trabajo!!!,3,5,1
142,US,en,/kaggle/working/Multi3Hate/data/memes/en/American-Flag-Shotgun-Guy/142.jpg,They Took  /  our jobs!!!,3,5,1
143,CN,zh,/kaggle/working/Multi3Hate/data/memes/zh/Mexicanotriste/143.jpg,成功穿越安格尔西岛边境  /  还不错,2,3,1
143,DE,de,/kaggle/working/Multi3Hate/data/memes/de/Mexicanotriste/143.jpg,Habe es durch die Grenze von Anglesey geschafft  /  nicht schlecht,4,4,1
143,IN,hi,/kaggle/working/Multi3Hate/data/memes/hi/Mexicanotriste/143.jpg,एंग्लेसी सीमा पार कर लिया  /  बुरा नहीं है,3,5,1
143,MX,es,/kaggle/working/Multi3Hate/data/memes/es/Mexicanotriste/143.jpg,LO HIZO A TRAVÉS DE LA FRONTERA DE ANGLESEY  /  NO ESTÁ MAL,2,5,0
143,US,en,/kaggle/working/Multi3Hate/data/memes/en/Mexicanotriste/143.jpg,MADE IT THROUGH THE ANGLESEY BORDER  /  NOT BAD,4,5,1
144,CN,zh,/kaggle/working/Multi3Hate/data/memes/zh/Troll-Asian/144.jpg,说他不能玩游戏  /  亚洲人,4,4,1
144,DE,de,/kaggle/working/Multi3Hate/data/memes/de/Troll-Asian/144.jpg,"Sagt, er kann kein Spiel spielen  /  Asiate",3,5,1
144,IN,hi,/kaggle/working/Multi3Hate/data/memes/hi/Troll-Asian/144.jpg,कहता हैं कि वह खेल नहीं खेल सकता  /  एशियाई,5,5,1
144,MX,es,/kaggle/working/Multi3Hate/data/memes/es/Troll-Asian/144.jpg,Dice que no puede jugar un juego  /  Asiático.,2,5,0
144,US,en,/kaggle/working/Multi3Hate/data/memes/en/Troll-Asian/144.jpg,Says he cant play a game  /  Asian,5,5,1
145,CN,zh,/kaggle/working/Multi3Hate/data/memes/zh/Typical-Germany-Lover/145.jpg,希特勒  /  没有做错什么,5,5,1
145,DE,de,/kaggle/working/Multi3Hate/data/memes/de/Typical-Germany-Lover/145.jpg,Hitler  /  nichts falsch gemacht,5,5,1
145,IN,hi,/kaggle/working/Multi3Hate/data/memes/hi/Typical-Germany-Lover/145.jpg,हिटलर  /  कुछ भी ग़लत नहीं किया,3,5,1
145,MX,es,/kaggle/working/Multi3Hate/data/memes/es/Typical-Germany-Lover/145.jpg,hitler  /  no hizo nada malo,4,5,1
145,US,en,/kaggle/working/Multi3Hate/data/memes/en/Typical-Germany-Lover/145.jpg,Hitler  /  did nothing wrong,5,5,1
146,CN,zh,/kaggle/working/Multi3Hate/data/memes/zh/Like-A-Jew/146.jpg,为续集想出了绝妙的主意  /  有人弄丢了辛德勒的名单,3,5,1
146,DE,de,/kaggle/working/Multi3Hate/data/memes/de/Like-A-Jew/146.jpg,Bekommt eine brillante Idee für eine Fortsetzung  /  Jemand verliert Schindlers Liste,4,5,1
146,IN,hi,/kaggle/working/Multi3Hate/data/memes/hi/Like-A-Jew/146.jpg,सीक्वल के लिए शानदार विचार मिला  /  किसी ने शिंडलर लिस्ट खो दी,1,5,0
146,MX,es,/kaggle/working/Multi3Hate/data/memes/es/Like-A-Jew/146.jpg,Tiene una idea brillante para una secuela  /  alguien pierde la lista de Schindler,4,4,1
146,US,en,/kaggle/working/Multi3Hate/data/memes/en/Like-A-Jew/146.jpg,Gets brilliant idea for a sequal  /  someone loses schindler's list,3,4,1
147,CN,zh,/kaggle/working/Multi3Hate/data/memes/zh/Privilege-Denying-Tranny/147.jpg,特别感谢 futch 先生  /  为 dragqueen eutopia 提供资金,4,5,1
147,DE,de,/kaggle/working/Multi3Hate/data/memes/de/Privilege-Denying-Tranny/147.jpg,Besonderer Dank geht an Herrn Futch  /  für die Finanzierung der Dragqueen Eutopia,0,5,0
147,IN,hi,/kaggle/working/Multi3Hate/data/memes/hi/Privilege-Denying-Tranny/147.jpg,श्री फच को विशेष धन्यवाद  /  ड्रैगक्वीन के स्वप्नलोक के वित्तपोषण के लिए,2,3,1
147,MX,es,/kaggle/working/Multi3Hate/data/memes/es/Privilege-Denying-Tranny/147.jpg,Un agradecimiento especial al Sr. Futch  /  por financiar la Eutopía Dragqueen,1,3,0
147,US,en,/kaggle/working/Multi3Hate/data/memes/en/Privilege-Denying-Tranny/147.jpg,Special thanks to mr futch  /  for funding the dragqueen eutopia,2,3,1
148,CN,zh,/kaggle/working/Multi3Hate/data/memes/zh/Jewish-Dude/148.jpg,你以前和 / 犹太人在一起过？,3,5,1
148,DE,de,/kaggle/working/Multi3Hate/data/memes/de/Jewish-Dude/148.jpg,warst du schon mal  /  mit einem Juden zusammen?,3,5,1
148,IN,hi,/kaggle/working/Multi3Hate/data/memes/hi/Jewish-Dude/148.jpg,क्या आप कभी थे  /  एक यहूदी के साथ?,0,4,0
148,MX,es,/kaggle/working/Multi3Hate/data/memes/es/Jewish-Dude/148.jpg,¿Alguna vez has estado  /  con un judío?,2,5,0
148,US,en,/kaggle/working/Multi3Hate/data/memes/en/Jewish-Dude/148.jpg,have you ever been  /  with a jew?,3,5,1
149,CN,zh,/kaggle/working/Multi3Hate/data/memes/zh/Condescending-Christian/149.jpg,被教会成员骚扰  /  仍然喜欢去教堂,4,4,1
149,DE,de,/kaggle/working/Multi3Hate/data/memes/de/Condescending-Christian/149.jpg,wird von Kirchenmitgliedern belästigt  /  geht immer noch gerne in die Kirche,2,3,1
149,IN,hi,/kaggle/working/Multi3Hate/data/memes/hi/Condescending-Christian/149.jpg,चर्च के सदस्यों द्वारा छेड़छाड़ की जाती है  /  फिर भी चर्च जाना पसंद करती है,5,5,1
149,MX,es,/kaggle/working/Multi3Hate/data/memes/es/Condescending-Christian/149.jpg,fue abusada de los miembros de la iglesia  /  todavía le encanta ir a la iglesia,3,5,1
149,US,en,/kaggle/working/Multi3Hate/data/memes/en/Condescending-Christian/149.jpg,gets molested by church members  /  still loves to go to church,5,5,1
150,CN,zh,/kaggle/working/Multi3Hate/data/memes/zh/Condescending-Christian/150.jpg,极其性感  /  同样烦人,4,5,1
150,DE,de,/kaggle/working/Multi3Hate/data/memes/de/Condescending-Christian/150.jpg,unglaublich sexy  /  ebenso nervig,1,5,0
150,IN,hi,/kaggle/working/Multi3Hate/data/memes/hi/Condescending-Christian/150.jpg,अविश्वसनीय रूप से कामुक  /  उतना ही कष्टप्रद,3,5,1
150,MX,es,/kaggle/working/Multi3Hate/data/memes/es/Condescending-Christian/150.jpg,Increíblemente sexy  /   e increíblemente molesta,4,5,1
150,US,en,/kaggle/working/Multi3Hate/data/memes/en/Condescending-Christian/150.jpg,incredibly sexy  /  equally annoying,4,5,1
151,CN,zh,/kaggle/working/Multi3Hate/data/memes/zh/Strict-Policeman/151.jpg,称你为恋童癖者  /  在网上贩卖儿童色情内容,5,5,1
151,DE,de,/kaggle/working/Multi3Hate/data/memes/de/Strict-Policeman/151.jpg,nennt dich einen Pädophilen  /  verkauft Kinderpornos im Internet,4,5,1
151,IN,hi,/kaggle/working/Multi3Hate/data/memes/hi/Strict-Policeman/151.jpg,आपको पीडोफाइल कहता है  /  इंटरनेट पर बाल पोर्न का व्यापार करता है,5,5,1
151,MX,es,/kaggle/working/Multi3Hate/data/memes/es/Strict-Policeman/151.jpg,te llama pedófilo  /  comercializa pornografía infantil en Internet,2,5,0
151,US,en,/kaggle/working/Multi3Hate/data/memes/en/Strict-Policeman/151.jpg,calls you a pedophile  /  trades child porn on the internet,5,5,1
152,CN,zh,/kaggle/working/Multi3Hate/data/memes/zh/Muslim-Immigrant/152.jpg,但我说艾尔文就像我的兄弟  /  你必须接受我,1,5,0
152,DE,de,/kaggle/working/Multi3Hate/data/memes/de/Muslim-Immigrant/152.jpg,"aber ich sagte, Alvin ist wie mein Bruder  /  du musst mich akzeptieren",1,5,0
152,IN,hi,/kaggle/working/Multi3Hate/data/memes/hi/Muslim-Immigrant/152.jpg,लेकिन मैंने कहा कि एल्विन मेरे भाई जैसा है  /  तुम्हें मुझे स्वीकार करना होगा,1,4,0
152,MX,es,/kaggle/working/Multi3Hate/data/memes/es/Muslim-Immigrant/152.jpg,pero dije que alvin es como mi hermano  /  debes aceptarme,3,5,1
152,US,en,/kaggle/working/Multi3Hate/data/memes/en/Muslim-Immigrant/152.jpg,but i said alvin is like my brother  /  you must accept me,2,3,1
153,CN,zh,/kaggle/working/Multi3Hate/data/memes/zh/Privilege-Denying-Feminist/153.jpg,如果一个男人被强奸了 / 他的机体能自行对应这种情况,3,5,1
153,DE,de,/kaggle/working/Multi3Hate/data/memes/de/Privilege-Denying-Feminist/153.jpg,Wenn ein Mann vergewaltigt wird  /  Sein Körper kann das Ding abschalten,3,4,1
153,IN,hi,/kaggle/working/Multi3Hate/data/memes/hi/Privilege-Denying-Feminist/153.jpg,अगर किसी पुरुष के साथ बलात्कार होता है  /  तो उसका शरीर उस चीज़ को बंद कर सकता है,5,5,1
153,MX,es,/kaggle/working/Multi3Hate/data/memes/es/Privilege-Denying-Feminist/153.jpg,Si un hombre es violado  /  su cuerpo puede cerrar eso.,5,5,1
153,US,en,/kaggle/working/Multi3Hate/data/memes/en/Privilege-Denying-Feminist/153.jpg,if a man is raped  /  his body can shut that thing down,1,4,0
154,CN,zh,/kaggle/working/Multi3Hate/data/memes/zh/Jesus-Christ/154.jpg,圣经里没有任何地方提到过同性恋  /  上帝丝毫不支持同性恋,3,5,1
154,DE,de,/kaggle/working/Multi3Hate/data/memes/de/Jesus-Christ/154.jpg,nirgends in der Bibel war von Homosexualität die Rede  /  Gott unterstützt Schwule nicht im Geringsten,5,5,1
154,IN,hi,/kaggle/working/Multi3Hate/data/memes/hi/Jesus-Christ/154.jpg,बाइबिल में कहीं भी समलैंगिकता का उल्लेख नहीं है  /  भगवान समलैंगिकों का जरा सा भी समर्थन नहीं करता,3,4,1
154,MX,es,/kaggle/working/Multi3Hate/data/memes/es/Jesus-Christ/154.jpg,En ninguna parte de la Biblia se menciona la homosexualidad  /  Dios no apoya a los gays en lo más mínimo.,5,5,1
154,US,en,/kaggle/working/Multi3Hate/data/memes/en/Jesus-Christ/154.jpg,no where in the bible was there any homosexuality  /  god does not support gays in the slighest,4,4,1
155,CN,zh,/kaggle/working/Multi3Hate/data/memes/zh/Privilege-Denying-Tranny/155.jpg,惊喜！  /  周一到周五是杰夫，周末是乔治亚,4,5,1
155,DE,de,/kaggle/working/Multi3Hate/data/memes/de/Privilege-Denying-Tranny/155.jpg,"Überraschung!  /  Geoff von Montag bis Freitag, aber Georgia am Wochenende",5,5,1
155,IN,hi,/kaggle/working/Multi3Hate/data/memes/hi/Privilege-Denying-Tranny/155.jpg,"आश्चर्य!  /  जियोफ सोमवार से शुक्रवार तक, लेकिन जॉर्जिया सप्ताहांत पर",1,4,0
155,MX,es,/kaggle/working/Multi3Hate/data/memes/es/Privilege-Denying-Tranny/155.jpg,"¡Sorpresa!  /  Geoff de lunes a viernes, pero Georgia los fines de semana",3,5,1
155,US,en,/kaggle/working/Multi3Hate/data/memes/en/Privilege-Denying-Tranny/155.jpg,"surprise!  /  geoff monday through friday, but georgia on the weekends",3,4,1
156,CN,zh,/kaggle/working/Multi3Hate/data/memes/zh/Y-U-So-Arab/156.jpg,阿拉伯朋友  /  克里斯,4,5,1
156,DE,de,/kaggle/working/Multi3Hate/data/memes/de/Y-U-So-Arab/156.jpg,ARABISCHER FREUND  /  CHRIS,1,5,0
156,IN,hi,/kaggle/working/Multi3Hate/data/memes/hi/Y-U-So-Arab/156.jpg,अरब मित्र  /  क्रिस,3,4,1
156,MX,es,/kaggle/working/Multi3Hate/data/memes/es/Y-U-So-Arab/156.jpg,AMIGO ÁRABE  /  CHRIS,3,3,1
156,US,en,/kaggle/working/Multi3Hate/data/memes/en/Y-U-So-Arab/156.jpg,ARAB FRIEND  /  CHRIS,3,4,1
157,CN,zh,/kaggle/working/Multi3Hate/data/memes/zh/White-Power-Problems/157.jpg,我向一位犹太女孩要了她的电话号码  /  她卷起了袖子,5,5,1
157,DE,de,/kaggle/working/Multi3Hate/data/memes/de/White-Power-Problems/157.jpg,ICH HABE EIN JÜDISCHES MÄDCHEN NACH IHRER NUMMER GEFRAGT  /  SIE HAT DIE ÄRMEL HOCHGEKREMPELT,4,4,1
157,IN,hi,/kaggle/working/Multi3Hate/data/memes/hi/White-Power-Problems/157.jpg,मैंने एक यहूदी लड़की से उसका नंबर मांगा  /  उसने अपनी आस्तीन ऊपर कर ली,3,4,1
157,MX,es,/kaggle/working/Multi3Hate/data/memes/es/White-Power-Problems/157.jpg,le pedí a una chica judía su número  /  se subió las mangas,5,5,1
157,US,en,/kaggle/working/Multi3Hate/data/memes/en/White-Power-Problems/157.jpg,I ASKED A JEWISH GIRL FOR HER NUMBER  /  SHE ROLLED UP HER SLEEVES,5,5,1
158,CN,zh,/kaggle/working/Multi3Hate/data/memes/zh/Muslim-Immigrant/158.jpg,他们说让我们进来  /  他们说我们会很友善,5,5,1
158,DE,de,/kaggle/working/Multi3Hate/data/memes/de/Muslim-Immigrant/158.jpg,"LASST UNS REIN, SAGTEN SIE  /  WIR WERDEN NETT SEIN, SAGTEN SIE",5,5,1
158,IN,hi,/kaggle/working/Multi3Hate/data/memes/hi/Muslim-Immigrant/158.jpg,"उन्होंने कहा, हमें अंदर आने दो  /  उन्होंने कहा, हम अच्छे रहेंगे",3,5,1
158,MX,es,/kaggle/working/Multi3Hate/data/memes/es/Muslim-Immigrant/158.jpg,"Déjanos entrar, dijeron  /  Seremos amables, dijeron.",3,4,1
158,US,en,/kaggle/working/Multi3Hate/data/memes/en/Muslim-Immigrant/158.jpg,LET US IN THEY SAID  /  WE'LL BE NICE THEY SAID,4,4,1
159,CN,zh,/kaggle/working/Multi3Hate/data/memes/zh/Stern-But-Honest-Chinese-Guy/159.jpg,美国非常痛恨共产主义  /  以至于它向中国借了 2 万亿美元,3,5,1
159,DE,de,/kaggle/working/Multi3Hate/data/memes/de/Stern-But-Honest-Chinese-Guy/159.jpg,Amerika hasst den Kommunismus so sehr  /  dass es 2 Billionen von China geliehen hat,2,5,0
159,IN,hi,/kaggle/working/Multi3Hate/data/memes/hi/Stern-But-Honest-Chinese-Guy/159.jpg,अमेरिका साम्यवाद से इतनी नफरत करता है  /  कि उसने चीन से 2 ट्रिलियन डॉलर उधार ले लिया है,5,5,1
159,MX,es,/kaggle/working/Multi3Hate/data/memes/es/Stern-But-Honest-Chinese-Guy/159.jpg,Estados Unidos odia tanto el comunismo  /  que ha tomado prestados 2 billones de dólares de China,3,5,1
159,US,en,/kaggle/working/Multi3Hate/data/memes/en/Stern-But-Honest-Chinese-Guy/159.jpg,America hates communism so much  /  that it has borrowed 2 trillion from china,1,5,0
160,CN,zh,/kaggle/working/Multi3Hate/data/memes/zh/Bad-Advice-Asian/160.jpg,看看这个...  /  是月亮，不是我的手指,0,5,0
160,DE,de,/kaggle/working/Multi3Hate/data/memes/de/Bad-Advice-Asian/160.jpg,"schau dir das an...  /  den Mond, nicht mein Finger",0,5,0
160,IN,hi,/kaggle/working/Multi3Hate/data/memes/hi/Bad-Advice-Asian/160.jpg,"यह देखो...  /  चाँद, मेरी उंगली नहीं",1,4,0
160,MX,es,/kaggle/working/Multi3Hate/data/memes/es/Bad-Advice-Asian/160.jpg,"mira ...  /  la luna, no mi dedo",0,5,0
160,US,en,/kaggle/working/Multi3Hate/data/memes/en/Bad-Advice-Asian/160.jpg,"look at this...  /  the moon, not my finger",0,5,0
161,CN,zh,/kaggle/working/Multi3Hate/data/memes/zh/Transvestite-Trevor/161.jpg,TOMMY。  /  星期六,0,5,0
161,DE,de,/kaggle/working/Multi3Hate/data/memes/de/Transvestite-Trevor/161.jpg,TOMMY.  /  AN SAMSTAGEN,3,5,1
161,IN,hi,/kaggle/working/Multi3Hate/data/memes/hi/Transvestite-Trevor/161.jpg,टॉमी.  /  शनिवार को,1,4,0
161,MX,es,/kaggle/working/Multi3Hate/data/memes/es/Transvestite-Trevor/161.jpg,TOMMY.  /  LOS SÁBADOS,2,5,0
161,US,en,/kaggle/working/Multi3Hate/data/memes/en/Transvestite-Trevor/161.jpg,TOMMY.  /  ON SATURDAYS,3,4,1
162,CN,zh,/kaggle/working/Multi3Hate/data/memes/zh/Privilege-Denying-Feminist/162.jpg,色情内容令人恶心，带有性别歧视  /  所以我喜欢的东西不是色情内容,1,4,0
162,DE,de,/kaggle/working/Multi3Hate/data/memes/de/Privilege-Denying-Feminist/162.jpg,"Pornos sind ekelhaft und sexistisch  /  also sind die Sachen, die ich mag, keine Pornos",2,5,0
162,IN,hi,/kaggle/working/Multi3Hate/data/memes/hi/Privilege-Denying-Feminist/162.jpg,"पोर्न घृणित और लैंगिकवादी है  /  इसलिए जो चीजें मुझे पसंद हैं, वे पोर्न नहीं हैं",3,5,1
162,MX,es,/kaggle/working/Multi3Hate/data/memes/es/Privilege-Denying-Feminist/162.jpg,El porno es repugnante y sexista  /  así que lo que me gusta no es porno,3,5,1
162,US,en,/kaggle/working/Multi3Hate/data/memes/en/Privilege-Denying-Feminist/162.jpg,porn is disgusting and sexist  /  so the stuff I like isn't porn,3,5,1
163,CN,zh,/kaggle/working/Multi3Hate/data/memes/zh/Success-Germany/163.jpg,零容忍  /  对混蛋,2,5,0
163,DE,de,/kaggle/working/Multi3Hate/data/memes/de/Success-Germany/163.jpg,Null Toleranz gegenüber  /  Idioten,1,4,0
163,IN,hi,/kaggle/working/Multi3Hate/data/memes/hi/Success-Germany/163.jpg,शून्य सहनशीलता है  /  घमंडियो के लिए ,3,5,1
163,MX,es,/kaggle/working/Multi3Hate/data/memes/es/Success-Germany/163.jpg,tolerancia cero con  /  los idiotas,1,5,0
163,US,en,/kaggle/working/Multi3Hate/data/memes/en/Success-Germany/163.jpg,zero tolerance on  /  douche bags,0,5,0
164,CN,zh,/kaggle/working/Multi3Hate/data/memes/zh/Privilege-Denying-Feminist/164.jpg,女性是受压迫的少数群体  /  亚洲人不是,5,5,1
164,DE,de,/kaggle/working/Multi3Hate/data/memes/de/Privilege-Denying-Feminist/164.jpg,Frauen sind eine unterdrückte Minderheit  /  Asiaten nicht,5,5,1
164,IN,hi,/kaggle/working/Multi3Hate/data/memes/hi/Privilege-Denying-Feminist/164.jpg,महिलाएं उत्पीड़ित अल्पसंख्यक हैं  /  एशियाई नहीं हैं,5,5,1
164,MX,es,/kaggle/working/Multi3Hate/data/memes/es/Privilege-Denying-Feminist/164.jpg,las mujeres son una minoría oprimida  /  los asiáticos no lo son,3,5,1
164,US,en,/kaggle/working/Multi3Hate/data/memes/en/Privilege-Denying-Feminist/164.jpg,women are an oppressed minority  /  asians are not,5,5,1
165,CN,zh,/kaggle/working/Multi3Hate/data/memes/zh/Jewish-Dude/165.jpg,我吃培根  /  当没有人看的时候,5,5,1
165,DE,de,/kaggle/working/Multi3Hate/data/memes/de/Jewish-Dude/165.jpg,ich esse Speck  /  wenn niemand zusieht,4,5,1
165,IN,hi,/kaggle/working/Multi3Hate/data/memes/hi/Jewish-Dude/165.jpg,मैं बेकन खाता हूँ  /  जब कोई नहीं देख रहा होता,2,5,0
165,MX,es,/kaggle/working/Multi3Hate/data/memes/es/Jewish-Dude/165.jpg,Como tocino  /  cuando nadie está mirando.,5,5,1
165,US,en,/kaggle/working/Multi3Hate/data/memes/en/Jewish-Dude/165.jpg,i eat bacon  /  when no one's looking,2,3,1
166,CN,zh,/kaggle/working/Multi3Hate/data/memes/zh/Scumbag-Catholic-Priest/166.jpg,圣周期间避免食用肉类作为祭品  /  吃比肉更美味的海鲜,2,5,0
166,DE,de,/kaggle/working/Multi3Hate/data/memes/de/Scumbag-Catholic-Priest/166.jpg,"Vermeidet Fleisch als Opfer während der Karwoche  /  Isst Meeresfrüchte, die besser schmecken als Fleisch",0,5,0
166,IN,hi,/kaggle/working/Multi3Hate/data/memes/hi/Scumbag-Catholic-Priest/166.jpg,पवित्र सप्ताह के दौरान बलि के रूप में मांस का सेवन नहीं करते हैं  /  मांस से बेहतर स्वाद वाले समुद्री भोजन खाते हैं,3,5,1
166,MX,es,/kaggle/working/Multi3Hate/data/memes/es/Scumbag-Catholic-Priest/166.jpg,Evita la carne como sacrificio en Semana Santa  /  Come mariscos que saben mejor que la carne,1,5,0
166,US,en,/kaggle/working/Multi3Hate/data/memes/en/Scumbag-Catholic-Priest/166.jpg,Avoids meat as a sacrifice during Holy week  /  Eats seafood that taste better than meat,2,5,0
167,CN,zh,/kaggle/working/Multi3Hate/data/memes/zh/Bad-Advice-Asian/167.jpg,不是我的错  /  设计很糟糕,0,5,0
167,DE,de,/kaggle/working/Multi3Hate/data/memes/de/Bad-Advice-Asian/167.jpg,nicht meine Schuld  /  es war schlecht gestaltet,0,5,0
167,IN,hi,/kaggle/working/Multi3Hate/data/memes/hi/Bad-Advice-Asian/167.jpg,मेरी गलती नहीं  /  यह खराब तरीके से डिजाइन किया गया था,0,5,0
167,MX,es,/kaggle/working/Multi3Hate/data/memes/es/Bad-Advice-Asian/167.jpg,No es mi culpa  /  estaba mal diseñado,2,5,0
167,US,en,/kaggle/working/Multi3Hate/data/memes/en/Bad-Advice-Asian/167.jpg,not my fault  /  it was poorly designed,1,4,0
168,CN,zh,/kaggle/working/Multi3Hate/data/memes/zh/Mexicanotriste/168.jpg,我们脸上的表情  /  当 mwai 先生偷走了另一个教训,4,5,1
168,DE,de,/kaggle/working/Multi3Hate/data/memes/de/Mexicanotriste/168.jpg,der Ausdruck auf unseren Gesichtern  /  als Mr. Mwai uns eine weitere Lektion stahl,2,3,1
168,IN,hi,/kaggle/working/Multi3Hate/data/memes/hi/Mexicanotriste/168.jpg,हमारे चेहरों पर भाव  /  जब श्री मवाई ने एक और सबक चुरा लिया,3,5,1
168,MX,es,/kaggle/working/Multi3Hate/data/memes/es/Mexicanotriste/168.jpg,la expresión de nuestras caras  /  cuando el señor mwai se robó otra lección,2,5,0
168,US,en,/kaggle/working/Multi3Hate/data/memes/en/Mexicanotriste/168.jpg,the look on our faces  /  when mr.mwai stole another lesson,1,4,0
169,CN,zh,/kaggle/working/Multi3Hate/data/memes/zh/Condescending-Christian/169.jpg,穆斯林是坏人  /  因为圣经是好的,5,5,1
169,DE,de,/kaggle/working/Multi3Hate/data/memes/de/Condescending-Christian/169.jpg,Muslime sind böse  /  weil die Bibel gut ist,4,5,1
169,IN,hi,/kaggle/working/Multi3Hate/data/memes/hi/Condescending-Christian/169.jpg,मुसलमान बुरे हैं  /  क्योंकि बाइबल अच्छी है,5,5,1
169,MX,es,/kaggle/working/Multi3Hate/data/memes/es/Condescending-Christian/169.jpg,los musulmanes son malos  /  porque la biblia es buena,5,5,1
169,US,en,/kaggle/working/Multi3Hate/data/memes/en/Condescending-Christian/169.jpg,muslims are bad  /  because the bible is good,5,5,1
170,CN,zh,/kaggle/working/Multi3Hate/data/memes/zh/Bad-Advice-Asian/170.jpg,你永远不会看到  /  唐人街的流浪猫,4,5,1
170,DE,de,/kaggle/working/Multi3Hate/data/memes/de/Bad-Advice-Asian/170.jpg,Du siehst nie  /  streunende Katze in Chinatown,5,5,1
170,IN,hi,/kaggle/working/Multi3Hate/data/memes/hi/Bad-Advice-Asian/170.jpg,आप कभी नहीं देखते  /  चाइनाटाउन में आवारा बिल्ली,4,5,1
170,MX,es,/kaggle/working/Multi3Hate/data/memes/es/Bad-Advice-Asian/170.jpg,Nunca ves  /  un gato callejero en Chinatown/ Nunca se ve un gato callejero en Chinatown.,3,4,1
170,US,en,/kaggle/working/Multi3Hate/data/memes/en/Bad-Advice-Asian/170.jpg,you never see  /  stray cat in chinatown,5,5,1
171,CN,zh,/kaggle/working/Multi3Hate/data/memes/zh/Germany-Pls/171.jpg,冬天太冷  /  夏天太热,2,5,0
171,DE,de,/kaggle/working/Multi3Hate/data/memes/de/Germany-Pls/171.jpg,Winter zu kalt  /  Sommer zu heiß,0,5,0
171,IN,hi,/kaggle/working/Multi3Hate/data/memes/hi/Germany-Pls/171.jpg,सर्दी बहुत ठंडी  /  गर्मी बहुत गर्म,1,4,0
171,MX,es,/kaggle/working/Multi3Hate/data/memes/es/Germany-Pls/171.jpg,invierno demasiado frío  /  verano demasiado caluroso,0,5,0
171,US,en,/kaggle/working/Multi3Hate/data/memes/en/Germany-Pls/171.jpg,winter too cold  /  summer too hot,0,5,0
172,CN,zh,/kaggle/working/Multi3Hate/data/memes/zh/Germany-Pls/172.jpg,春天终于来了  /  整个乡村一片黄色,1,5,0
172,DE,de,/kaggle/working/Multi3Hate/data/memes/de/Germany-Pls/172.jpg,Der Frühling ist endlich da  /  das ganze Land ist gelb,0,4,0
172,IN,hi,/kaggle/working/Multi3Hate/data/memes/hi/Germany-Pls/172.jpg,आख़िरकार वसंत आ गया है  /  पूरा ग्रामीण इलाका पीला है,1,5,0
172,MX,es,/kaggle/working/Multi3Hate/data/memes/es/Germany-Pls/172.jpg,por fin ha llegado la primavera  /  todo el campo está amarillo,1,4,0
172,US,en,/kaggle/working/Multi3Hate/data/memes/en/Germany-Pls/172.jpg,spring is finally here  /  the whole countryside is yellow,2,5,0
173,CN,zh,/kaggle/working/Multi3Hate/data/memes/zh/Like-A-Jew/173.jpg,不能看色情片  /  禁止互联网,3,5,1
173,DE,de,/kaggle/working/Multi3Hate/data/memes/de/Like-A-Jew/173.jpg,kann keine Pornos schauen  /  verbietet das Internet,4,5,1
173,IN,hi,/kaggle/working/Multi3Hate/data/memes/hi/Like-A-Jew/173.jpg,पोर्न नहीं देख सकते  /  इंटरनेट पर प्रतिबंध,0,5,0
173,MX,es,/kaggle/working/Multi3Hate/data/memes/es/Like-A-Jew/173.jpg,no puedo ver pornografía  /  prohíbe Internet,2,5,0
173,US,en,/kaggle/working/Multi3Hate/data/memes/en/Like-A-Jew/173.jpg,can't watch porn  /  bans the internet,5,5,1
174,CN,zh,/kaggle/working/Multi3Hate/data/memes/zh/Germany-Pls/174.jpg,向我的非德国朋友展示了这个博客  /  他们不明白,3,4,1
174,DE,de,/kaggle/working/Multi3Hate/data/memes/de/Germany-Pls/174.jpg,habe diesen Blog meinen nicht-deutschen Freunden gezeigt  /  sie verstehen ihn nicht,1,4,0
174,IN,hi,/kaggle/working/Multi3Hate/data/memes/hi/Germany-Pls/174.jpg,मैंने यह ब्लॉग अपने गैर-जर्मन मित्रों को दिखाया  /  उन्हें यह समझ में नहीं आया,2,5,0
174,MX,es,/kaggle/working/Multi3Hate/data/memes/es/Germany-Pls/174.jpg,le enseñe este blog a mis amigos que no son alemanes  /  no lo entienden,0,4,0
174,US,en,/kaggle/working/Multi3Hate/data/memes/en/Germany-Pls/174.jpg,showed this blog to my non-german friends  /  they don't get it,2,5,0
175,CN,zh,/kaggle/working/Multi3Hate/data/memes/zh/Sassy-Black-Woman/175.jpg,每月领取州政府发放的食品券，  /  每磅牛排售价 10.99 美元,4,5,1
175,DE,de,/kaggle/working/Multi3Hate/data/memes/de/Sassy-Black-Woman/175.jpg,"Bekommt monatlich Lebensmittelmarken vom Staat,  /  gibt sie für Steaks aus, die 10,99 Dollar pro Pfund kosten",4,4,1
175,IN,hi,/kaggle/working/Multi3Hate/data/memes/hi/Sassy-Black-Woman/175.jpg,"राज्य से मासिक खाद्य टिकट प्राप्त करता है,  /  उन्हें 10.99 डॉलर प्रति पाउंड स्टेक पर खर्च करता है",2,5,0
175,MX,es,/kaggle/working/Multi3Hate/data/memes/es/Sassy-Black-Woman/175.jpg,"Recibe cupones de alimentos mensuales del estado,  /  los gasta en filetes de $10,99 la libra",4,5,1
175,US,en,/kaggle/working/Multi3Hate/data/memes/en/Sassy-Black-Woman/175.jpg,"Gets monthly food stamps from state,  /  spends them on $10.99 a pound steaks",5,5,1
176,CN,zh,/kaggle/working/Multi3Hate/data/memes/zh/Germany-Pls/176.jpg,面试官握手时无力  /  不知道该怎么办,1,4,0
176,DE,de,/kaggle/working/Multi3Hate/data/memes/de/Germany-Pls/176.jpg,"Der Händedruck des Interviewers ist schwach  /  Ich bin mir nicht sicher, was ich tun soll",0,5,0
176,IN,hi,/kaggle/working/Multi3Hate/data/memes/hi/Germany-Pls/176.jpg,साक्षात्कारकर्ता का हाथ मिलाना कमजोर है  /  समझ नहीं आ रहा कि क्या करें,2,3,1
176,MX,es,/kaggle/working/Multi3Hate/data/memes/es/Germany-Pls/176.jpg,El entrevistador tiene un apretón de manos débil  /  No estoy seguro de qué hacer,0,5,0
176,US,en,/kaggle/working/Multi3Hate/data/memes/en/Germany-Pls/176.jpg,Interviewer has weak handshake  /  Not sure what to do,2,5,0
177,CN,zh,/kaggle/working/Multi3Hate/data/memes/zh/Jewish-Dude/177.jpg,想来 /  一起吗？,1,4,0
177,DE,de,/kaggle/working/Multi3Hate/data/memes/de/Jewish-Dude/177.jpg,willst du  /  mitkommen?,1,5,0
177,IN,hi,/kaggle/working/Multi3Hate/data/memes/hi/Jewish-Dude/177.jpg,आना चाहते हैं  /  साथ?,0,4,0
177,MX,es,/kaggle/working/Multi3Hate/data/memes/es/Jewish-Dude/177.jpg,¿quieres venir  /  conmigo?,2,5,0
177,US,en,/kaggle/working/Multi3Hate/data/memes/en/Jewish-Dude/177.jpg,want to come  /  with?,1,5,0
178,CN,zh,/kaggle/working/Multi3Hate/data/memes/zh/Indian-Father/178.jpg,你怎么敢...  /  克里希纳不容嘲笑,3,4,1
178,DE,de,/kaggle/working/Multi3Hate/data/memes/de/Indian-Father/178.jpg,wie kannst du es wagen...  /  Krishna ist nicht zum verspotten da,3,5,1
178,IN,hi,/kaggle/working/Multi3Hate/data/memes/hi/Indian-Father/178.jpg,तुम्हारी हिम्मत कैसे हुई...  /  कृष्ण का मजाक नहीं उड़ाया जाना चाहिए,4,5,1
178,MX,es,/kaggle/working/Multi3Hate/data/memes/es/Indian-Father/178.jpg,¿Cómo te atreves...?  /  No te debes burlar de Krishna,0,5,0
178,US,en,/kaggle/working/Multi3Hate/data/memes/en/Indian-Father/178.jpg,how dare you...  /  Krishna is not to be mocked,0,5,0
179,CN,zh,/kaggle/working/Multi3Hate/data/memes/zh/Indian-Father/179.jpg,我  /  30 年后呢？,1,5,0
179,DE,de,/kaggle/working/Multi3Hate/data/memes/de/Indian-Father/179.jpg,ICH  /  IN 30 JAHREN?,0,5,0
179,IN,hi,/kaggle/working/Multi3Hate/data/memes/hi/Indian-Father/179.jpg,मैं  /  अब से 30 साल बाद?,0,5,0
179,MX,es,/kaggle/working/Multi3Hate/data/memes/es/Indian-Father/179.jpg,YO  /  ¿DENTRO DE 30 AÑOS?,0,5,0
179,US,en,/kaggle/working/Multi3Hate/data/memes/en/Indian-Father/179.jpg,ME  /  30 YEARS FROM NOW?,0,4,0
180,CN,zh,/kaggle/working/Multi3Hate/data/memes/zh/Angry-Muslim-Guy/180.jpg,看到不可接受的穆斯林表情包  /  希望他们能提供更好的表情包作为回应,5,5,1
180,DE,de,/kaggle/working/Multi3Hate/data/memes/de/Angry-Muslim-Guy/180.jpg,"SIEHT INAKZEPTABLES MUSLIMISCHES MEME  /  WÜNSCHT SICH, SIE KÖNNTEN ALS ANTWORT EIN BESSERES MEME LIEFERN",3,4,1
180,IN,hi,/kaggle/working/Multi3Hate/data/memes/hi/Angry-Muslim-Guy/180.jpg,अस्वीकार्य मुस्लिम मीम देखता है   /  जवाब में बेहतर मीम देने की खवाहिश रखता है ,4,4,1
180,MX,es,/kaggle/working/Multi3Hate/data/memes/es/Angry-Muslim-Guy/180.jpg,VE UN MEME MUSULMAN INACEPTABLE  /  DESEARÍA PODER OFRECER UN MEJOR MEME EN RESPUESTA,3,4,1
180,US,en,/kaggle/working/Multi3Hate/data/memes/en/Angry-Muslim-Guy/180.jpg,SEES UNACCEPTABLE MUSLIM MEME  /  WISHES THEY COULD PROVIDE A BETTER MEME IN RESPONSE,4,5,1
181,CN,zh,/kaggle/working/Multi3Hate/data/memes/zh/Scumbag-Police-Officer/181.jpg,不要边开车边发短信  /  在车里安装了笔记本电脑,2,5,0
181,DE,de,/kaggle/working/Multi3Hate/data/memes/de/Scumbag-Police-Officer/181.jpg,KEINE SMS WÄHREND DER FAHRT  /  IM AUTO IST EIN LAPTOP INSTALLIERT,2,5,0
181,IN,hi,/kaggle/working/Multi3Hate/data/memes/hi/Scumbag-Police-Officer/181.jpg,टेक्स्ट और गाड़ी एकसाथ न चलाएं  /  कार में लैपटॉप इंस्टॉल करके रखता है ,1,5,0
181,MX,es,/kaggle/working/Multi3Hate/data/memes/es/Scumbag-Police-Officer/181.jpg,NO ENVÍE MENSAJES DE TEXTO MIENTRAS CONDUCE  /  TIENE UN ORDENADOR PORTÁTIL INSTALADO EN EL AUTO,0,5,0
181,US,en,/kaggle/working/Multi3Hate/data/memes/en/Scumbag-Police-Officer/181.jpg,DON'T TEXT AND DRIVE  /  HAS LAPTOP INSTALLED IN CAR,0,5,0
182,CN,zh,/kaggle/working/Multi3Hate/data/memes/zh/Richarabclap/182.jpg,让我们停止向外国人提供资金  /  并用这些钱把每个美国人送进耶鲁大学,5,5,1
182,DE,de,/kaggle/working/Multi3Hate/data/memes/de/Richarabclap/182.jpg,"Hören wir auf, Geld an Ausländer zu schicken  /  und nutzen wir das Geld, um jeden Amerikaner nach Yale zu schicken",1,3,0
182,IN,hi,/kaggle/working/Multi3Hate/data/memes/hi/Richarabclap/182.jpg,आइए विदेशियों को पैसा भेजना बंद करें  /  और उस पैसे का उपयोग हर अमेरिकी को येल भेजने के लिए करें,3,4,1
182,MX,es,/kaggle/working/Multi3Hate/data/memes/es/Richarabclap/182.jpg,Dejemos de enviar dinero a extranjeros  /  y usemos ese dinero para enviar a todos los estadounidenses a Yale.,1,4,0
182,US,en,/kaggle/working/Multi3Hate/data/memes/en/Richarabclap/182.jpg,lets stop sending money to foreigners  /  and use that money to send every american to yale,4,5,1
183,CN,zh,/kaggle/working/Multi3Hate/data/memes/zh/Good-Chinese-Student/183.jpg,使用灭蝇喷雾剂驱赶强盗  /  有效控制害虫,3,5,1
183,DE,de,/kaggle/working/Multi3Hate/data/memes/de/Good-Chinese-Student/183.jpg,Bekämpft Räuber mit Fliegenspray  /  Gut zur Schädlingsbekämpfung,0,3,0
183,IN,hi,/kaggle/working/Multi3Hate/data/memes/hi/Good-Chinese-Student/183.jpg,फ्लाई स्प्रे से लुटेरों से लड़ता है  /  कीटों को नियंत्रित करने के लिए अच्छा है,0,5,0
183,MX,es,/kaggle/working/Multi3Hate/data/memes/es/Good-Chinese-Student/183.jpg,Lucha contra los ladrones con spray contra moscas  /  Bueno para controlar plagas,0,4,0
183,US,en,/kaggle/working/Multi3Hate/data/memes/en/Good-Chinese-Student/183.jpg,Fights off robber with fly spray  /  Good for controlling pests,0,3,0
184,CN,zh,/kaggle/working/Multi3Hate/data/memes/zh/Typical-Germany-Lover/184.jpg,德国！  /  总是很有趣,1,5,0
184,DE,de,/kaggle/working/Multi3Hate/data/memes/de/Typical-Germany-Lover/184.jpg,Deutschland!  /  immer wieder schön anzuschauen,0,4,0
184,IN,hi,/kaggle/working/Multi3Hate/data/memes/hi/Typical-Germany-Lover/184.jpg,जर्मनी!  /  देखना हमेशा मजेदार होता है,2,5,0
184,MX,es,/kaggle/working/Multi3Hate/data/memes/es/Typical-Germany-Lover/184.jpg,¡Alemania!  /  siempre divertido de ver,1,5,0
184,US,en,/kaggle/working/Multi3Hate/data/memes/en/Typical-Germany-Lover/184.jpg,Germany!  /  always fun to watch,1,3,0
185,CN,zh,/kaggle/working/Multi3Hate/data/memes/zh/Richarabclap/185.jpg,曼城  /  为当地球迷打造的当地俱乐部,5,5,1
185,DE,de,/kaggle/working/Multi3Hate/data/memes/de/Richarabclap/185.jpg,MANCHESTER CITY  /  EIN LOKALER CLUB FÜR LOKALE FANS,3,5,1
185,IN,hi,/kaggle/working/Multi3Hate/data/memes/hi/Richarabclap/185.jpg,मैनचेस्टर सिटी  /  स्थानीय प्रशंसकों के लिए एक स्थानीय क्लब,4,5,1
185,MX,es,/kaggle/working/Multi3Hate/data/memes/es/Richarabclap/185.jpg,MANCHESTER CITY  /  UN CLUB LOCAL PARA AFICIONADOS LOCALES,2,3,1
185,US,en,/kaggle/working/Multi3Hate/data/memes/en/Richarabclap/185.jpg,MANCHESTER CITY  /  A LOCAL CLUB FOR LOCAL FANS,2,3,1
186,CN,zh,/kaggle/working/Multi3Hate/data/memes/zh/Feministfrequently/186.jpg,我有一个朋友差点被强奸  /  你的论点无效,3,4,1
186,DE,de,/kaggle/working/Multi3Hate/data/memes/de/Feministfrequently/186.jpg,"Ich hatte eine Freundin, die fast vergewaltigt wurde  /  Deine Argumente sind ungültig",4,5,1
186,IN,hi,/kaggle/working/Multi3Hate/data/memes/hi/Feministfrequently/186.jpg,मेरा एक दोस्त था जिसका लगभग बलात्कार हो गया था  /  आपका तर्क अमान्य है,5,5,1
186,MX,es,/kaggle/working/Multi3Hate/data/memes/es/Feministfrequently/186.jpg,Tuve una amiga que casi fue violada  /  tu argumento no es válido,4,5,1
186,US,en,/kaggle/working/Multi3Hate/data/memes/en/Feministfrequently/186.jpg,I had a friend that got almost raped  /  your argument is invalid,3,5,1
187,CN,zh,/kaggle/working/Multi3Hate/data/memes/zh/Arabic-Meme/187.jpg,5 只山羊和 2 头牛......  /  我有很多儿子。,4,5,1
187,DE,de,/kaggle/working/Multi3Hate/data/memes/de/Arabic-Meme/187.jpg,5 Ziegen und 2 Kühe..  /  Ich habe viele Söhne.,5,5,1
187,IN,hi,/kaggle/working/Multi3Hate/data/memes/hi/Arabic-Meme/187.jpg,5 बकरियां और 2 गायें..  /  मेरे कई बेटे हैं।,1,5,0
187,MX,es,/kaggle/working/Multi3Hate/data/memes/es/Arabic-Meme/187.jpg,5 cabras y 2 vacas..  /  Tengo muchos hijos.,5,5,1
187,US,en,/kaggle/working/Multi3Hate/data/memes/en/Arabic-Meme/187.jpg,5 goats and 2 cows..  /  I have many sons.,5,5,1
188,CN,zh,/kaggle/working/Multi3Hate/data/memes/zh/Indian-Father/188.jpg,如果一开始你没有成功  /  不要回家,0,5,0
188,DE,de,/kaggle/working/Multi3Hate/data/memes/de/Indian-Father/188.jpg,Wenn es beim ersten Mal nicht klappt  /  Komm nicht nach Hause,2,5,0
188,IN,hi,/kaggle/working/Multi3Hate/data/memes/hi/Indian-Father/188.jpg,यदि पहली बार में तुम सफल नहीं होते हो  /  तो घर मत आना.,2,5,0
188,MX,es,/kaggle/working/Multi3Hate/data/memes/es/Indian-Father/188.jpg,Si al principio no tienes éxito  /  no vuelvas a casa.,1,5,0
188,US,en,/kaggle/working/Multi3Hate/data/memes/en/Indian-Father/188.jpg,If at first you don't succeed  /  Don't come home,5,5,1
189,CN,zh,/kaggle/working/Multi3Hate/data/memes/zh/Scumbag-Catholic-Priest/189.jpg,圣诞老人并不存在  /  是耶稣给了你这裡全部礼物,2,5,0
189,DE,de,/kaggle/working/Multi3Hate/data/memes/de/Scumbag-Catholic-Priest/189.jpg,"Den Weihnachtsmann gibt es nicht  /  es ist Jesus, der dir all diese Geschenke gibt",1,5,0
189,IN,hi,/kaggle/working/Multi3Hate/data/memes/hi/Scumbag-Catholic-Priest/189.jpg,सांता क्लॉज़ का अस्तित्व नहीं है  /  क्या यीशु ही है जो आपको ये सारे उपहार देता है,2,3,1
189,MX,es,/kaggle/working/Multi3Hate/data/memes/es/Scumbag-Catholic-Priest/189.jpg,Santa Claus no existe  /  Es Jesús quien te da todos esos regalos,1,4,0
189,US,en,/kaggle/working/Multi3Hate/data/memes/en/Scumbag-Catholic-Priest/189.jpg,Santa Claus doesn't exist  /  is jesus who give you all those gifts,1,4,0
190,CN,zh,/kaggle/working/Multi3Hate/data/memes/zh/Scumbag-Police-Officer/190.jpg,说超速很危险的人  /  都会无缘无故超速,0,5,0
190,DE,de,/kaggle/working/Multi3Hate/data/memes/de/Scumbag-Police-Officer/190.jpg,"Sagt, zu schnelles Fahren sei gefährlich  /  fährt trotzdem ohne Grund zu schnell",1,4,0
190,IN,hi,/kaggle/working/Multi3Hate/data/memes/hi/Scumbag-Police-Officer/190.jpg,कहते हैं तेज़ गति से गाड़ी चलाना ख़तरनाक है  /  फिर भी बिना कारण तेज़ गति से गाड़ी चलाते हैं,1,5,0
190,MX,es,/kaggle/working/Multi3Hate/data/memes/es/Scumbag-Police-Officer/190.jpg,"Dice que el exceso de velocidad es peligroso  /  De todos modos, acelera sin motivo",3,5,1
190,US,en,/kaggle/working/Multi3Hate/data/memes/en/Scumbag-Police-Officer/190.jpg,Says speeding is dangerous  /  speeds anyway without reason,1,5,0
191,CN,zh,/kaggle/working/Multi3Hate/data/memes/zh/Mexicanotriste/191.jpg,为什么你会  /  吃我的鳄梨酱？,0,4,0
191,DE,de,/kaggle/working/Multi3Hate/data/memes/de/Mexicanotriste/191.jpg,Warum hast du  /  meine Guacamole essen?,3,5,1
191,IN,hi,/kaggle/working/Multi3Hate/data/memes/hi/Mexicanotriste/191.jpg,तुम क्यों  /  मेरा ग्वाकामोले खाओगे?,0,4,0
191,MX,es,/kaggle/working/Multi3Hate/data/memes/es/Mexicanotriste/191.jpg,¿Por que lo harias  /  comer mi guacamole?,1,5,0
191,US,en,/kaggle/working/Multi3Hate/data/memes/en/Mexicanotriste/191.jpg,Why would you  /  eat my Guacamole?,3,4,1
192,CN,zh,/kaggle/working/Multi3Hate/data/memes/zh/Privilege-Denying-Feminist/192.jpg,社会的性别角色是无知和错误的！  /  告诉你“要勇敢起来，要有勇气”,2,5,0
192,DE,de,/kaggle/working/Multi3Hate/data/memes/de/Privilege-Denying-Feminist/192.jpg,"Die Geschlechterrollen in der Gesellschaft sind ignorant und falsch!  /  sagt dir, sei ein Mann und lass dir Eier wachsen.",3,3,1
192,IN,hi,/kaggle/working/Multi3Hate/data/memes/hi/Privilege-Denying-Feminist/192.jpg,समाज की लैंगिक भूमिकाएं अज्ञानतापूर्ण और गलत हैं!  /  आपको 'मर्द बनने और हिम्मत दिखाने' के लिए कहता है ',3,3,1
192,MX,es,/kaggle/working/Multi3Hate/data/memes/es/Privilege-Denying-Feminist/192.jpg,"¡Los roles de género de la sociedad son ignorantes y equivocados!  /  te dice ""hazte hombre y hazte crecer algunas pelotas""",4,4,1
192,US,en,/kaggle/working/Multi3Hate/data/memes/en/Privilege-Denying-Feminist/192.jpg,"society's Gender roles are ignorant and wrong!  /  tells you to ""man up and grow some balls""",3,5,1
193,CN,zh,/kaggle/working/Multi3Hate/data/memes/zh/Privilege-Denying-Feminist/193.jpg,男人有某种情绪？  /  是时候贬低它并称其为厌恶女性了,5,5,1
193,DE,de,/kaggle/working/Multi3Hate/data/memes/de/Privilege-Denying-Feminist/193.jpg,"Ein Mann hatte irgendwelche Emotionen?  /  Zeit, sie herabzuwürdigen und als frauenfeindlich zu erklären",4,5,1
193,IN,hi,/kaggle/working/Multi3Hate/data/memes/hi/Privilege-Denying-Feminist/193.jpg,क्या किसी पुरुष में कोई भावना थी?  /  उसे तुच्छ बताने और स्त्रीद्वेषी घोषित करने का समय आ गया है,4,4,1
193,MX,es,/kaggle/working/Multi3Hate/data/memes/es/Privilege-Denying-Feminist/193.jpg,¿Un hombre tuvo algún tipo de emoción?  /  Es hora de menospreciarla y declararla misógina.,4,5,1
193,US,en,/kaggle/working/Multi3Hate/data/memes/en/Privilege-Denying-Feminist/193.jpg,A man had some sort of emotion?  /  time to belittle it and declare it misogynist,4,4,1
194,CN,zh,/kaggle/working/Multi3Hate/data/memes/zh/Oppressive-Trans-Bro/194.jpg,跨性别女性  /  比我获得更多的媒体报道,5,5,1
194,DE,de,/kaggle/working/Multi3Hate/data/memes/de/Oppressive-Trans-Bro/194.jpg,TRANSFRAUEN  /  SIND IN DEN MEDIEN MEHR DARGESTELLT ALS ICH,4,5,1
194,IN,hi,/kaggle/working/Multi3Hate/data/memes/hi/Oppressive-Trans-Bro/194.jpg,ट्रांस महिलाओं को /  मुझसे ज़्यादा मीडिया प्रतिनिधित्व मिलता है,3,3,1
194,MX,es,/kaggle/working/Multi3Hate/data/memes/es/Oppressive-Trans-Bro/194.jpg,LAS MUJERES TRANS  /  TIENEN MÁS REPRESENTACIÓN MEDIÁTICA QUE YO,4,4,1
194,US,en,/kaggle/working/Multi3Hate/data/memes/en/Oppressive-Trans-Bro/194.jpg,TRANS WOMEN  /  GET MORE MEDIA REPRESENTATION THAN I DO,1,5,0
195,CN,zh,/kaggle/working/Multi3Hate/data/memes/zh/Oppressive-Trans-Bro/195.jpg,长大后  /  我想成为一名变装皇后,2,5,0
195,DE,de,/kaggle/working/Multi3Hate/data/memes/de/Oppressive-Trans-Bro/195.jpg,Wenn ich groß bin  /  möchte ich eine Dragqueen sein,3,4,1
195,IN,hi,/kaggle/working/Multi3Hate/data/memes/hi/Oppressive-Trans-Bro/195.jpg,जब मैं बड़ी हो जाऊंगी  /  मैं ड्रैग क्वीन बनना चाहती हूं,0,4,0
195,MX,es,/kaggle/working/Multi3Hate/data/memes/es/Oppressive-Trans-Bro/195.jpg,ando sea mayor  /  Quiero ser drag queen,3,4,1
195,US,en,/kaggle/working/Multi3Hate/data/memes/en/Oppressive-Trans-Bro/195.jpg,When I Grow Up  /  I want to be a drag queen,2,5,0
196,CN,zh,/kaggle/working/Multi3Hate/data/memes/zh/Y-U-So-Arab/196.jpg,我听说发生了劫机事件  /  我来晚了吗？,4,5,1
196,DE,de,/kaggle/working/Multi3Hate/data/memes/de/Y-U-So-Arab/196.jpg,"Ich habe gehört, es gibt eine Entführung  /  bin ich zu spät?",5,5,1
196,IN,hi,/kaggle/working/Multi3Hate/data/memes/hi/Y-U-So-Arab/196.jpg,मैंने सुना है कि अपहरण हो गया है  /  क्या मैं बहुत देर से आया हूँ?,3,4,1
196,MX,es,/kaggle/working/Multi3Hate/data/memes/es/Y-U-So-Arab/196.jpg,He oído que hay un secuestro  /  ¿llego demasiado tarde?,5,5,1
196,US,en,/kaggle/working/Multi3Hate/data/memes/en/Y-U-So-Arab/196.jpg,I heard there is a hijack  /  am i too late?,5,5,1
197,CN,zh,/kaggle/working/Multi3Hate/data/memes/zh/Scumbag-Police-Officer/197.jpg,我比你更懂这个道理  /  “现在弯腰”,3,5,1
197,DE,de,/kaggle/working/Multi3Hate/data/memes/de/Scumbag-Police-Officer/197.jpg,Ich kenne die Lage besser als du  /  „Jetzt beuge dich vor“,3,4,1
197,IN,hi,/kaggle/working/Multi3Hate/data/memes/hi/Scumbag-Police-Officer/197.jpg,"मैं तुमसे बेहतर जानता हूँ  /  ""अब झुक जाओ""",5,5,1
197,MX,es,/kaggle/working/Multi3Hate/data/memes/es/Scumbag-Police-Officer/197.jpg,"Cnozco la ley mejor que tú.  /  ""ahora inclínate"".",3,5,1
197,US,en,/kaggle/working/Multi3Hate/data/memes/en/Scumbag-Police-Officer/197.jpg,"I know the lay better then you  /  ""now bend over""",3,5,1
198,CN,zh,/kaggle/working/Multi3Hate/data/memes/zh/Oppressive-Trans-Bro/198.jpg,不会合法改变性别  /  因为他不想去男子监狱,5,5,1
198,DE,de,/kaggle/working/Multi3Hate/data/memes/de/Oppressive-Trans-Bro/198.jpg,Will sein Geschlecht nicht ändern lassen  /  weil er nicht in ein Männergefängnis will,5,5,1
198,IN,hi,/kaggle/working/Multi3Hate/data/memes/hi/Oppressive-Trans-Bro/198.jpg,कानूनी तौर पर लिंग परिवर्तन नहीं करवाएगा  /  क्योंकि वह पुरुषों की जेल में नहीं जाना चाहता,5,5,1
198,MX,es,/kaggle/working/Multi3Hate/data/memes/es/Oppressive-Trans-Bro/198.jpg,No cambiará legalmente su género  /  porque no quiere ir a una prisión de hombres.,5,5,1
198,US,en,/kaggle/working/Multi3Hate/data/memes/en/Oppressive-Trans-Bro/198.jpg,Won't get gender legally changed  /  because he doesn't want to go to a men's prison,5,5,1
199,CN,zh,/kaggle/working/Multi3Hate/data/memes/zh/Arabic-Meme/199.jpg,Alalalalalalallaah  /  这是马苏德在苏丹甜屁股里射精后发出的声音,4,4,1
199,DE,de,/kaggle/working/Multi3Hate/data/memes/de/Arabic-Meme/199.jpg,Alalalalalalallaah  /  Das ist der Klang nach dem Masoud in Sultans süßem Arsch kommt ,5,5,1
199,IN,hi,/kaggle/working/Multi3Hate/data/memes/hi/Arabic-Meme/199.jpg,अलालाललाललल्लाह  /  यह सुल्तान की मीठी गांड में मसूद क्रीमपाईक्रीमपाई होने के बाद की आवाज है,5,5,1
199,MX,es,/kaggle/working/Multi3Hate/data/memes/es/Arabic-Meme/199.jpg,Alalalalalalallaah  /  Ese es el sonido después de las nueces de Masoud en el dulce culo del sultán,5,5,1
199,US,en,/kaggle/working/Multi3Hate/data/memes/en/Arabic-Meme/199.jpg,Alalalalalalallaah  /  Thats the sound after masoud nuts in sultans sweet ass,4,5,1
200,CN,zh,/kaggle/working/Multi3Hate/data/memes/zh/Mexicans-On-A-Truck/200.jpg,前往艾莉家  /  谁会来？,3,3,1
200,DE,de,/kaggle/working/Multi3Hate/data/memes/de/Mexicans-On-A-Truck/200.jpg,Auf dem Weg zu Ellie  /  Wer kommt mit?,2,3,1
200,IN,hi,/kaggle/working/Multi3Hate/data/memes/hi/Mexicans-On-A-Truck/200.jpg,एली के पास जा रहा हूँ  /  कौन आ रहा है?,2,5,0
200,MX,es,/kaggle/working/Multi3Hate/data/memes/es/Mexicans-On-A-Truck/200.jpg,Rumbo a casa de Ellie  /  ¿Quién viene?,2,5,0
200,US,en,/kaggle/working/Multi3Hate/data/memes/en/Mexicans-On-A-Truck/200.jpg,Heading to Ellie's  /  Who's coming?,2,5,0
201,CN,zh,/kaggle/working/Multi3Hate/data/memes/zh/Bad-Advice-Asian/201.jpg,规则#4  /  如果他真的喜欢你，他会原谅你。,0,5,0
201,DE,de,/kaggle/working/Multi3Hate/data/memes/de/Bad-Advice-Asian/201.jpg,"Regel Nr. 4  /  Wenn er dich wirklich mag, wird er dir verzeihen.",0,5,0
201,IN,hi,/kaggle/working/Multi3Hate/data/memes/hi/Bad-Advice-Asian/201.jpg,"नियम #4  /  अगर वह सचमुच आपको पसंद करता है, तो वह आपको माफ कर देगा।",0,5,0
201,MX,es,/kaggle/working/Multi3Hate/data/memes/es/Bad-Advice-Asian/201.jpg,"Regla #4  /  Si realmente le gustas, te perdonará.",0,5,0
201,US,en,/kaggle/working/Multi3Hate/data/memes/en/Bad-Advice-Asian/201.jpg,"#4 rule  /  If he truly likes you, he'll forgive you.",0,5,0
202,CN,zh,/kaggle/working/Multi3Hate/data/memes/zh/Oppressive-Trans-Bro/202.jpg,这些混蛋  /  太歇斯底里了,2,5,0
202,DE,de,/kaggle/working/Multi3Hate/data/memes/de/Oppressive-Trans-Bro/202.jpg,diese verdammten Fotzen  /  sind so hysterisch,4,5,1
202,IN,hi,/kaggle/working/Multi3Hate/data/memes/hi/Oppressive-Trans-Bro/202.jpg,ये कमबख्त चूतें  /  बहुत उन्मादपूर्ण हैं,2,5,0
202,MX,es,/kaggle/working/Multi3Hate/data/memes/es/Oppressive-Trans-Bro/202.jpg,Estos malditos maricones /  están tan histéricos.,5,5,1
202,US,en,/kaggle/working/Multi3Hate/data/memes/en/Oppressive-Trans-Bro/202.jpg,these fucking cunts  /  are so hysterical,3,4,1
203,CN,zh,/kaggle/working/Multi3Hate/data/memes/zh/Muslim-Immigrant/203.jpg,非洲是非洲人的，亚洲是亚洲人的  /  白种人国家是所有人的！,5,5,1
203,DE,de,/kaggle/working/Multi3Hate/data/memes/de/Muslim-Immigrant/203.jpg,"Afrika für die Afrikaner, Asien für die Asiaten  /  Weiße Länder für alle!",5,5,1
203,IN,hi,/kaggle/working/Multi3Hate/data/memes/hi/Muslim-Immigrant/203.jpg,"अफ्रीका अफ्रीकियों के लिए, एशिया एशियाई लोगों के लिए  /  श्वेत देश सबके लिए!",4,5,1
203,MX,es,/kaggle/working/Multi3Hate/data/memes/es/Muslim-Immigrant/203.jpg,África para los africanos Asia para los asiáticos  /  ¡Países blancos para todos!,4,4,1
203,US,en,/kaggle/working/Multi3Hate/data/memes/en/Muslim-Immigrant/203.jpg,africa for the africans asia for the asians  /  white countries for everyone !,5,5,1
204,CN,zh,/kaggle/working/Multi3Hate/data/memes/zh/Jesus-Christ/204.jpg,拥抱时  /  总是给耶稣留出空间,1,4,0
204,DE,de,/kaggle/working/Multi3Hate/data/memes/de/Jesus-Christ/204.jpg,beim Umarmen  /  lass immer Platz für Jesus,0,5,0
204,IN,hi,/kaggle/working/Multi3Hate/data/memes/hi/Jesus-Christ/204.jpg,गले मिलते समय  /  हमेशा यीशु के लिए जगह छोड़ो,0,5,0
204,MX,es,/kaggle/working/Multi3Hate/data/memes/es/Jesus-Christ/204.jpg,Cuando abraces  /  siempre deja espacio para Jesús.,0,5,0
204,US,en,/kaggle/working/Multi3Hate/data/memes/en/Jesus-Christ/204.jpg,when hugging  /  always leave room for jesus,0,5,0
205,CN,zh,/kaggle/working/Multi3Hate/data/memes/zh/Scumbag-Police-Officer/205.jpg,警察......  /  只会对自己的笑话发笑,3,5,1
205,DE,de,/kaggle/working/Multi3Hate/data/memes/de/Scumbag-Police-Officer/205.jpg,Polizisten...  /  Lachen nur über ihre eigenen Witze,0,4,0
205,IN,hi,/kaggle/working/Multi3Hate/data/memes/hi/Scumbag-Police-Officer/205.jpg,पुलिस...  /  केवल अपने ही चुटकुलों पर हंसती है,3,4,1
205,MX,es,/kaggle/working/Multi3Hate/data/memes/es/Scumbag-Police-Officer/205.jpg,Policías...  /  Sólo se ríen de sus propios chistes.,1,5,0
205,US,en,/kaggle/working/Multi3Hate/data/memes/en/Scumbag-Police-Officer/205.jpg,Cops...  /  Only laugh at their own jokes,1,4,0
206,CN,zh,/kaggle/working/Multi3Hate/data/memes/zh/Obese-American/206.jpg,我不太了解俄罗斯  /  因为我不会说西班牙语,4,4,1
206,DE,de,/kaggle/working/Multi3Hate/data/memes/de/Obese-American/206.jpg,ich weiß nicht viel über Russland  /  weil ich kein Spanisch spreche,4,4,1
206,IN,hi,/kaggle/working/Multi3Hate/data/memes/hi/Obese-American/206.jpg,मैं रूस के बारे में ज़्यादा नहीं जानता  /  क्योंकि मैं स्पेनिश नहीं बोलता,4,5,1
206,MX,es,/kaggle/working/Multi3Hate/data/memes/es/Obese-American/206.jpg,No sé mucho sobre Rusia  /  porque no hablo español,4,5,1
206,US,en,/kaggle/working/Multi3Hate/data/memes/en/Obese-American/206.jpg,i don't know much about russia  /  because i don't speak spanish,4,4,1
207,CN,zh,/kaggle/working/Multi3Hate/data/memes/zh/Transvestite-Trevor/207.jpg,所以你承认  /  穿女装,2,5,0
207,DE,de,/kaggle/working/Multi3Hate/data/memes/de/Transvestite-Trevor/207.jpg,Du gibst also zu  /  Frauenkleidung zu tragen,3,5,1
207,IN,hi,/kaggle/working/Multi3Hate/data/memes/hi/Transvestite-Trevor/207.jpg,तो आप मानते हैं  /  महिलाओं के कपड़े पहनने के लिए,4,5,1
207,MX,es,/kaggle/working/Multi3Hate/data/memes/es/Transvestite-Trevor/207.jpg,Así que admites  /  Llevar ropa de mujer,1,4,0
207,US,en,/kaggle/working/Multi3Hate/data/memes/en/Transvestite-Trevor/207.jpg,So you admit  /  To wearing women's clothing,3,4,1
208,CN,zh,/kaggle/working/Multi3Hate/data/memes/zh/Scumbag-Police-Officer/208.jpg,严厉的毒品法不起作用  /  所以只有我们制定更严厉的法律才有意义,1,5,0
208,DE,de,/kaggle/working/Multi3Hate/data/memes/de/Scumbag-Police-Officer/208.jpg,"harte Drogengesetze funktionieren nicht  /  also macht es nur Sinn, wenn wir die Gesetze HÄRTER machen",0,3,0
208,IN,hi,/kaggle/working/Multi3Hate/data/memes/hi/Scumbag-Police-Officer/208.jpg,सख्त नशीली दवाओं के कानून काम नहीं कर रहे हैं  /  इसलिए यह तभी समझ में आता है जब हम कानूनों को और सख्त बनाते हैं,1,4,0
208,MX,es,/kaggle/working/Multi3Hate/data/memes/es/Scumbag-Police-Officer/208.jpg,Las leyes duras contra las drogas no funcionan  /  Por eso solo tiene sentido si hacemos que las leyes sean MÁS DURAS,1,5,0
208,US,en,/kaggle/working/Multi3Hate/data/memes/en/Scumbag-Police-Officer/208.jpg,tough drugs laws aren't working  /  so it only makes sense if we make the laws TOUGHER,0,4,0
209,CN,zh,/kaggle/working/Multi3Hate/data/memes/zh/White-Power-Problems/209.jpg,这个人  /  没有镜子,2,5,0
209,DE,de,/kaggle/working/Multi3Hate/data/memes/de/White-Power-Problems/209.jpg,dieser Mann  /  besitzt keinen Spiegel,3,4,1
209,IN,hi,/kaggle/working/Multi3Hate/data/memes/hi/White-Power-Problems/209.jpg,यह आदमी  /  उसके पास दर्पण नहीं है,2,5,0
209,MX,es,/kaggle/working/Multi3Hate/data/memes/es/White-Power-Problems/209.jpg,este hombre  /  no tiene espejo,4,5,1
209,US,en,/kaggle/working/Multi3Hate/data/memes/en/White-Power-Problems/209.jpg,this man  /  does not own a mirror,2,5,0
210,CN,zh,/kaggle/working/Multi3Hate/data/memes/zh/Oppressive-Trans-Bro/210.jpg,不喜欢您所看到的吗？  /  不要在我面前弯腰,0,4,0
210,DE,de,/kaggle/working/Multi3Hate/data/memes/de/Oppressive-Trans-Bro/210.jpg,"Gefällt dir nicht, was du siehst?  /  Bück dich nicht vor mir",3,4,1
210,IN,hi,/kaggle/working/Multi3Hate/data/memes/hi/Oppressive-Trans-Bro/210.jpg,तुम्हें जो दिख रहा है वो पसंद नहीं है?  /  मेरे सामने मत झुको,3,4,1
210,MX,es,/kaggle/working/Multi3Hate/data/memes/es/Oppressive-Trans-Bro/210.jpg,¿No te gusta lo que ves?  /  No te inclines frente a mí.,0,5,0
210,US,en,/kaggle/working/Multi3Hate/data/memes/en/Oppressive-Trans-Bro/210.jpg,Don't like what you see?  /  Don't bend over in front of me,5,5,1
211,CN,zh,/kaggle/working/Multi3Hate/data/memes/zh/Feministfrequently/211.jpg,抱怨女性在 STEM 领域的代表性不足  /  获得女性研究学位,4,5,1
211,DE,de,/kaggle/working/Multi3Hate/data/memes/de/Feministfrequently/211.jpg,"Beschwert sich, dass Frauen in MINT-Fächern unterrepräsentiert sind  /  Macht einen Abschluss in Frauenstudien",5,5,1
211,IN,hi,/kaggle/working/Multi3Hate/data/memes/hi/Feministfrequently/211.jpg,शिकायत है कि STEM क्षेत्रों में महिलाओं का प्रतिनिधित्व कम है  /  महिला अध्ययन में डिग्री प्राप्त की,3,5,1
211,MX,es,/kaggle/working/Multi3Hate/data/memes/es/Feministfrequently/211.jpg,Se queja de que las mujeres están subrepresentadas en campos STEM  /  y obtiene un título en estudios de género.,5,5,1
211,US,en,/kaggle/working/Multi3Hate/data/memes/en/Feministfrequently/211.jpg,Complains that women are underrepresented in STEM fields  /  Gets a degree in women's studies,1,5,0
212,CN,zh,/kaggle/working/Multi3Hate/data/memes/zh/Typical-Germany-Lover/212.jpg,保持冷静和  /  看着德国胜利！！,5,5,1
212,DE,de,/kaggle/working/Multi3Hate/data/memes/de/Typical-Germany-Lover/212.jpg,"BEWAHREN SIE RUHE UND  /  SEHEN SIE ZU, WIE DEUTSCHLAND SIEGT!!",2,5,0
212,IN,hi,/kaggle/working/Multi3Hate/data/memes/hi/Typical-Germany-Lover/212.jpg,शांत रहें और  /  जर्मनी को जीतते देखिये!!,3,4,1
212,MX,es,/kaggle/working/Multi3Hate/data/memes/es/Typical-Germany-Lover/212.jpg,MANTÉN LA CALMA Y  /  ¡MIRA CÓMO GANA ALEMANIA!,1,4,0
212,US,en,/kaggle/working/Multi3Hate/data/memes/en/Typical-Germany-Lover/212.jpg,KEEP CALM AND  /  WATCH GERMANY WIN!!,2,5,0
213,CN,zh,/kaggle/working/Multi3Hate/data/memes/zh/Typical-Germany-Lover/213.jpg,巴西保持冷静  /  我们将会简短而直截了当,3,4,1
213,DE,de,/kaggle/working/Multi3Hate/data/memes/de/Typical-Germany-Lover/213.jpg,"BEHALTE RUHE, BRASILIEN, UND  /  WIR HALTEN ES KURZ UND AUF DEN PUNKT",1,4,0
213,IN,hi,/kaggle/working/Multi3Hate/data/memes/hi/Typical-Germany-Lover/213.jpg,शांत रहो ब्राज़ील और  /  हम इसे संक्षिप्त और मुद्दे पर रखेंगे,3,5,1
213,MX,es,/kaggle/working/Multi3Hate/data/memes/es/Typical-Germany-Lover/213.jpg,MANTENGA LA CALMA BRASIL Y  /  SERÁ BREVE Y CONCRETO,1,4,0
213,US,en,/kaggle/working/Multi3Hate/data/memes/en/Typical-Germany-Lover/213.jpg,KEEP CALM BRAZIL AND  /  WE WILL KEEP IT SHORT AND TO THE POINT,0,3,0
214,CN,zh,/kaggle/working/Multi3Hate/data/memes/zh/Y-U-So-Arab/214.jpg,谁感到震惊  /  因为种族主义？？,3,5,1
214,DE,de,/kaggle/working/Multi3Hate/data/memes/de/Y-U-So-Arab/214.jpg,wer ist SCHOCKIERT  /  vom RASSISMUS ??,3,5,1
214,IN,hi,/kaggle/working/Multi3Hate/data/memes/hi/Y-U-So-Arab/214.jpg,कौन हैरान है  /  नस्लवाद से ??,4,5,1
214,MX,es,/kaggle/working/Multi3Hate/data/memes/es/Y-U-So-Arab/214.jpg,¿Quién está SORPRENDIDO?  /  ¿por el RACISMO??,3,4,1
214,US,en,/kaggle/working/Multi3Hate/data/memes/en/Y-U-So-Arab/214.jpg,who's SHOCKED  /  by the RACISM ??,2,5,0
215,CN,zh,/kaggle/working/Multi3Hate/data/memes/zh/White-Power-Problems/215.jpg,很难在零售业找到工作  /  归咎于逆向歧视,5,5,1
215,DE,de,/kaggle/working/Multi3Hate/data/memes/de/White-Power-Problems/215.jpg,"hat Schwierigkeiten, im Einzelhandel Arbeit zu finden  /  gibt umgekehrter Diskriminierung die Schuld",4,5,1
215,IN,hi,/kaggle/working/Multi3Hate/data/memes/hi/White-Power-Problems/215.jpg,खुदरा क्षेत्र में काम पाने में कठिनाई होती है  /  रिवर्स भेदभाव को दोषी ठहराते हैं,3,4,1
215,MX,es,/kaggle/working/Multi3Hate/data/memes/es/White-Power-Problems/215.jpg,tiene dificultades para encontrar trabajo en el comercio minorista  /  culpa a la discriminación inversa,5,5,1
215,US,en,/kaggle/working/Multi3Hate/data/memes/en/White-Power-Problems/215.jpg,has difficulty finding work in retail  /  blames reverse discrimination,3,5,1
216,CN,zh,/kaggle/working/Multi3Hate/data/memes/zh/Confused-Muslim-Girl/216.jpg,当你去海滩，没有人穿泳衣时  /  ,4,5,1
216,DE,de,/kaggle/working/Multi3Hate/data/memes/de/Confused-Muslim-Girl/216.jpg,Wenn du an den Strand gehst und niemand einen Badeanzug hat  /  ,3,5,1
216,IN,hi,/kaggle/working/Multi3Hate/data/memes/hi/Confused-Muslim-Girl/216.jpg,जब आप समुद्र तट पर जाते हैं और किसी के पास सूट नहीं होता  /  ,2,5,0
216,MX,es,/kaggle/working/Multi3Hate/data/memes/es/Confused-Muslim-Girl/216.jpg,Cuando vas a la playa y nadie tiene traje  /  ,1,5,0
216,US,en,/kaggle/working/Multi3Hate/data/memes/en/Confused-Muslim-Girl/216.jpg,When you go to the beach and no one has a suit  /  ,0,4,0
217,CN,zh,/kaggle/working/Multi3Hate/data/memes/zh/American-Flag-Shotgun-Guy/217.jpg,宇宙  /  不存在,3,5,1
217,DE,de,/kaggle/working/Multi3Hate/data/memes/de/American-Flag-Shotgun-Guy/217.jpg,DAS UNIVERSUM  /  EXISTIERT NICHT,1,5,0
217,IN,hi,/kaggle/working/Multi3Hate/data/memes/hi/American-Flag-Shotgun-Guy/217.jpg,ब्रह्माण्ड  /  अस्तित्व में नहीं है,4,5,1
217,MX,es,/kaggle/working/Multi3Hate/data/memes/es/American-Flag-Shotgun-Guy/217.jpg,EL UNIVERSO  /  NO EXISTE,2,5,0
217,US,en,/kaggle/working/Multi3Hate/data/memes/en/American-Flag-Shotgun-Guy/217.jpg,THE UNIVERSE  /  DOES NOT EXIST,0,5,0
218,CN,zh,/kaggle/working/Multi3Hate/data/memes/zh/Richarabclap/218.jpg,我很高兴我们有孩子  /  爆炸了,5,5,1
218,DE,de,/kaggle/working/Multi3Hate/data/memes/de/Richarabclap/218.jpg,"ich bin so froh, dass wir Kinder haben  /  zum Explodieren",4,5,1
218,IN,hi,/kaggle/working/Multi3Hate/data/memes/hi/Richarabclap/218.jpg,मैं बहुत खुश हूँ कि हमारे पास बच्चे हैं  /  उड़ाने के लिए,4,5,1
218,MX,es,/kaggle/working/Multi3Hate/data/memes/es/Richarabclap/218.jpg,Estoy tan feliz de que tengamos hijos  /  para explotar,5,5,1
218,US,en,/kaggle/working/Multi3Hate/data/memes/en/Richarabclap/218.jpg,i'm so happy we have kids  /  to blow up,5,5,1
219,CN,zh,/kaggle/working/Multi3Hate/data/memes/zh/Feministfrequently/219.jpg,在网上发怒吧！  /  它将改变现实生活中的事情！,2,5,0
219,DE,de,/kaggle/working/Multi3Hate/data/memes/de/Feministfrequently/219.jpg,Sei im Internet wütend!  /  Es wird Dinge im echten Leben verändern!,1,5,0
219,IN,hi,/kaggle/working/Multi3Hate/data/memes/hi/Feministfrequently/219.jpg,इंटरनेट पर गुस्सा करें!  /  यह वास्तविक जीवन में चीजें बदल देगा!,3,5,1
219,MX,es,/kaggle/working/Multi3Hate/data/memes/es/Feministfrequently/219.jpg,¡Enójate en el internet!  /  ¡Eso cambiará las cosas en la vida real!,0,4,0
219,US,en,/kaggle/working/Multi3Hate/data/memes/en/Feministfrequently/219.jpg,Be angry on the internet!  /  It will change things in real life!,0,5,0
220,CN,zh,/kaggle/working/Multi3Hate/data/memes/zh/Confused-Muslim-Girl/220.jpg,当克罗斯比被枪杀而你甚至没有被邀请时  /  ,5,5,1
220,DE,de,/kaggle/working/Multi3Hate/data/memes/de/Confused-Muslim-Girl/220.jpg,Wenn Crosby erschossen wird und du nicht einmal eingeladen bist  /  ,2,3,1
220,IN,hi,/kaggle/working/Multi3Hate/data/memes/hi/Confused-Muslim-Girl/220.jpg,जब क्रॉस्बी को गोली मार दी जाती है और आपको आमंत्रित भी नहीं किया जाता  /  ,5,5,1
220,MX,es,/kaggle/working/Multi3Hate/data/memes/es/Confused-Muslim-Girl/220.jpg,Cuando disparan a Crosby y ni siquiera te invitan  /  ,5,5,1
220,US,en,/kaggle/working/Multi3Hate/data/memes/en/Confused-Muslim-Girl/220.jpg,When Crosby gets shot and you're not even invited  /  ,2,5,0
221,CN,zh,/kaggle/working/Multi3Hate/data/memes/zh/Policeman/221.jpg,过来！！  /  ,0,5,0
221,DE,de,/kaggle/working/Multi3Hate/data/memes/de/Policeman/221.jpg,komm her!!  /  ,1,4,0
221,IN,hi,/kaggle/working/Multi3Hate/data/memes/hi/Policeman/221.jpg,यहाँ आओ!!  /  ,0,5,0
221,MX,es,/kaggle/working/Multi3Hate/data/memes/es/Policeman/221.jpg,¡¡ven aquí!!  /  ,2,6,0
221,US,en,/kaggle/working/Multi3Hate/data/memes/en/Policeman/221.jpg,come here!!  /  ,1,5,0
222,CN,zh,/kaggle/working/Multi3Hate/data/memes/zh/Advicejew/222.jpg,你纳税 / 是给我们纳的,5,5,1
222,DE,de,/kaggle/working/Multi3Hate/data/memes/de/Advicejew/222.jpg,Du zahlst Steuern  /  wegen uns,5,5,1
222,IN,hi,/kaggle/working/Multi3Hate/data/memes/hi/Advicejew/222.jpg,आप करों का भुगतान करते हैं  /  हमारे कारण,4,5,1
222,MX,es,/kaggle/working/Multi3Hate/data/memes/es/Advicejew/222.jpg,pagas impuestos  /  gracias a nosotros,4,4,1
222,US,en,/kaggle/working/Multi3Hate/data/memes/en/Advicejew/222.jpg,you pay taxes  /  because of us,5,5,1
223,CN,zh,/kaggle/working/Multi3Hate/data/memes/zh/Confused-Muslim-Girl/223.jpg,投诉系统  /  为了获得好处而不合作,2,5,0
223,DE,de,/kaggle/working/Multi3Hate/data/memes/de/Confused-Muslim-Girl/223.jpg,"Beschweren Sie sich über das System  /  Kooperiert nicht, um Leistungen zu erhalten",5,5,1
223,IN,hi,/kaggle/working/Multi3Hate/data/memes/hi/Confused-Muslim-Girl/223.jpg,सिस्टम के बारे में शिकायत करें  /  लाभ प्राप्त करने में सहयोग नहीं करता,4,5,1
223,MX,es,/kaggle/working/Multi3Hate/data/memes/es/Confused-Muslim-Girl/223.jpg,Quejarse del sistema  /  No coopera para recibir beneficios,2,5,0
223,US,en,/kaggle/working/Multi3Hate/data/memes/en/Confused-Muslim-Girl/223.jpg,Complain about the system  /  Doesn't cooperate in order to receive benefits,5,5,1
224,CN,zh,/kaggle/working/Multi3Hate/data/memes/zh/Confused-Muslim-Girl/224.jpg,当他们问奥马尔......  /  你是素食主义者吗？！,3,5,1
224,DE,de,/kaggle/working/Multi3Hate/data/memes/de/Confused-Muslim-Girl/224.jpg,Wenn sie Omar fragen...  /  Du bist VEGETARIER?!,4,4,1
224,IN,hi,/kaggle/working/Multi3Hate/data/memes/hi/Confused-Muslim-Girl/224.jpg,जब उन्होंने उमर से पूछा..  /  आप शाकाहारी हैं?!,2,5,0
224,MX,es,/kaggle/working/Multi3Hate/data/memes/es/Confused-Muslim-Girl/224.jpg,Cuando le preguntan a Omar..  /  ¡¿Eres VEGETARIANO?!,1,5,0
224,US,en,/kaggle/working/Multi3Hate/data/memes/en/Confused-Muslim-Girl/224.jpg,When they ask Omar..  /  You are VEGETARIAN?!,4,5,1
225,CN,zh,/kaggle/working/Multi3Hate/data/memes/zh/Confused-Muslim-Girl/225.jpg,当格林先生讲话时...  /  那到底是什么意思？！,1,4,0
225,DE,de,/kaggle/working/Multi3Hate/data/memes/de/Confused-Muslim-Girl/225.jpg,Wenn Mr. Greene spricht...  /  Was soll das überhaupt bedeuten?!,0,3,0
225,IN,hi,/kaggle/working/Multi3Hate/data/memes/hi/Confused-Muslim-Girl/225.jpg,जब मिस्टर ग्रीन बोलते हैं...  /  इसका क्या मतलब है?!,3,5,1
225,MX,es,/kaggle/working/Multi3Hate/data/memes/es/Confused-Muslim-Girl/225.jpg,Cuando el señor Greene habla...  /  ¡¿Qué significa eso?!,2,5,0
225,US,en,/kaggle/working/Multi3Hate/data/memes/en/Confused-Muslim-Girl/225.jpg,When Mr. Greene talks...  /  What does that even mean?!,0,4,0
226,CN,zh,/kaggle/working/Multi3Hate/data/memes/zh/Arabic-Meme/226.jpg,咖喱味十足  /  ,4,4,1
226,DE,de,/kaggle/working/Multi3Hate/data/memes/de/Arabic-Meme/226.jpg,Stinkt nach Curry  /  ,5,5,1
226,IN,hi,/kaggle/working/Multi3Hate/data/memes/hi/Arabic-Meme/226.jpg,करी की बदबू आ रही है  /  ,2,5,0
226,MX,es,/kaggle/working/Multi3Hate/data/memes/es/Arabic-Meme/226.jpg,Huele a curry  /  ,4,5,1
226,US,en,/kaggle/working/Multi3Hate/data/memes/en/Arabic-Meme/226.jpg,Reeks of curry  /  ,5,5,1
227,CN,zh,/kaggle/working/Multi3Hate/data/memes/zh/Privilege-Denying-Feminist/227.jpg,裸照并不可耻  /  不要再发布裸照来羞辱女性,3,5,1
227,DE,de,/kaggle/working/Multi3Hate/data/memes/de/Privilege-Denying-Feminist/227.jpg,"Nacktfotos sind keine Schande  /  Hören Sie auf, Frauen zu erniedrigen, indem Sie ihre Nacktfotos veröffentlichen",1,5,0
227,IN,hi,/kaggle/working/Multi3Hate/data/memes/hi/Privilege-Denying-Feminist/227.jpg,नग्न तस्वीरों में कोई शर्म नहीं है  /  महिलाओं की नग्न तस्वीरें जारी करके उन्हें अपमानित करना बंद करें,3,5,1
227,MX,es,/kaggle/working/Multi3Hate/data/memes/es/Privilege-Denying-Feminist/227.jpg,No hay vergüenza en las fotos de desnudos  /  Dejen de humillar a las mujeres publicando sus fotos de desnudos,1,4,0
227,US,en,/kaggle/working/Multi3Hate/data/memes/en/Privilege-Denying-Feminist/227.jpg,there's no shame in nude photos  /  stop humiliating women by releasing their nude photos,0,5,0
228,CN,zh,/kaggle/working/Multi3Hate/data/memes/zh/Scumbag-Police-Officer/228.jpg,种族定性？  /  我调查了自己，发现我没有做错什么,0,5,0
228,DE,de,/kaggle/working/Multi3Hate/data/memes/de/Scumbag-Police-Officer/228.jpg,"Ehtnisches Profiling?  /  Ich habe selbst Nachforschungen angestellt und festgestellt, dass ich nichts falsch gemacht habe",3,5,1
228,IN,hi,/kaggle/working/Multi3Hate/data/memes/hi/Scumbag-Police-Officer/228.jpg,नस्लीय प्रोफाइलिंग?  /  मैंने खुद जांच की और पाया कि मैंने कुछ भी गलत नहीं किया,2,5,0
228,MX,es,/kaggle/working/Multi3Hate/data/memes/es/Scumbag-Police-Officer/228.jpg,¿Perfiles raciales?  /  Me investigué a mi mismo y descubrí que no hice nada malo,5,5,1
228,US,en,/kaggle/working/Multi3Hate/data/memes/en/Scumbag-Police-Officer/228.jpg,Racial profiling?  /  I investigated myself and found I did nothing wrong,4,5,1
229,CN,zh,/kaggle/working/Multi3Hate/data/memes/zh/Confused-Muslim-Girl/229.jpg,当你的工程团队比你聪明得多时  /  ,1,5,0
229,DE,de,/kaggle/working/Multi3Hate/data/memes/de/Confused-Muslim-Girl/229.jpg,Wenn deine Ingenieurgruppe viel schlauer ist als du  /  ,3,5,1
229,IN,hi,/kaggle/working/Multi3Hate/data/memes/hi/Confused-Muslim-Girl/229.jpg,जब आपका इंजीनियरिंग समूह आपसे कहीं अधिक बुद्धिमान हो  /  ,1,5,0
229,MX,es,/kaggle/working/Multi3Hate/data/memes/es/Confused-Muslim-Girl/229.jpg,Cuando tu grupo de ingeniería es mucho más inteligente que tú  / ,3,5,1
229,US,en,/kaggle/working/Multi3Hate/data/memes/en/Confused-Muslim-Girl/229.jpg,When your engineering group is way smarter than you  /  ,0,4,0
230,CN,zh,/kaggle/working/Multi3Hate/data/memes/zh/Arabic-Meme/230.jpg,晚餐吃什么？山羊？  /  等一下，我的妻子在哪儿？？？,3,5,1
230,DE,de,/kaggle/working/Multi3Hate/data/memes/de/Arabic-Meme/230.jpg,"was gibt es zum Abendessen? Ziege?  /  warte, wo ist meine Frau???",4,5,1
230,IN,hi,/kaggle/working/Multi3Hate/data/memes/hi/Arabic-Meme/230.jpg,"रात के खाने में क्या है? बकरी?  /  रुको, मेरी पत्नी कहाँ है???",5,5,1
230,MX,es,/kaggle/working/Multi3Hate/data/memes/es/Arabic-Meme/230.jpg,"¿que hay para cenar? ¿cabra?  /  espera, ¿dónde está mi esposa???",4,5,1
230,US,en,/kaggle/working/Multi3Hate/data/memes/en/Arabic-Meme/230.jpg,"whats for dinner? goat?  /  wait, where's my wife???",5,5,1
231,CN,zh,/kaggle/working/Multi3Hate/data/memes/zh/Y-U-So-Arab/231.jpg,女人  /  为什么你不停止尝试开车？！,5,5,1
231,DE,de,/kaggle/working/Multi3Hate/data/memes/de/Y-U-So-Arab/231.jpg,"Frauen  /  warum hört ihr nicht auf, Auto zu fahren?!",5,5,1
231,IN,hi,/kaggle/working/Multi3Hate/data/memes/hi/Y-U-So-Arab/231.jpg,महिलाएं  /  आप गाड़ी चलाने की कोशिश करना क्यों नहीं छोड़तीं?!,5,5,1
231,MX,es,/kaggle/working/Multi3Hate/data/memes/es/Y-U-So-Arab/231.jpg,mujeres  /  ¡¿por qué no dejas de intentar conducir?!,5,5,1
231,US,en,/kaggle/working/Multi3Hate/data/memes/en/Y-U-So-Arab/231.jpg,women  /  why do you not stop trying to drive?!,5,5,1
232,CN,zh,/kaggle/working/Multi3Hate/data/memes/zh/Richarabclap/232.jpg,Akhmed El Codoor  /  批准此照片,1,4,0
232,DE,de,/kaggle/working/Multi3Hate/data/memes/de/Richarabclap/232.jpg,Akhmed El Codoor  /  Genehmigt dieses Bild,2,5,0
232,IN,hi,/kaggle/working/Multi3Hate/data/memes/hi/Richarabclap/232.jpg,अख्मेद एल कोडूर  /  इस चित्र को स्वीकृत करते हैं,3,4,1
232,MX,es,/kaggle/working/Multi3Hate/data/memes/es/Richarabclap/232.jpg,Akhmed El Codoor  /  Aprueba esta imagen,0,5,0
232,US,en,/kaggle/working/Multi3Hate/data/memes/en/Richarabclap/232.jpg,Akhmed El Codoor  /  Approves this Picture,1,5,0
233,CN,zh,/kaggle/working/Multi3Hate/data/memes/zh/Jewish-Dude/233.jpg,您不可以 / 访问您最爱的网站,3,5,1
233,DE,de,/kaggle/working/Multi3Hate/data/memes/de/Jewish-Dude/233.jpg,du darfst nicht  /  auf deine Lieblings-Websites zugreifen,4,4,1
233,IN,hi,/kaggle/working/Multi3Hate/data/memes/hi/Jewish-Dude/233.jpg,आप नहीं करेंगे  /  अपनी पसंदीदा वेबसाइट को एैक्सेस,1,4,0
233,MX,es,/kaggle/working/Multi3Hate/data/memes/es/Jewish-Dude/233.jpg,No deberás  /  acceder a tus sitios web favoritos.,2,5,0
233,US,en,/kaggle/working/Multi3Hate/data/memes/en/Jewish-Dude/233.jpg,you shall not  /  access your favorite websites,1,4,0
234,CN,zh,/kaggle/working/Multi3Hate/data/memes/zh/Jewish-Dude/234.jpg,simmons  /  是我们的好兄弟，忠于我们的议程,3,5,1
234,DE,de,/kaggle/working/Multi3Hate/data/memes/de/Jewish-Dude/234.jpg,Simmons  /  ist ein guter Bruder für uns und treu zu unseren Agenden,3,4,1
234,IN,hi,/kaggle/working/Multi3Hate/data/memes/hi/Jewish-Dude/234.jpg,सिमंस  /  हमारे लिए एक अच्छे भाई हैं और हमारे एजेंडे के प्रति वफादार हैं,2,5,0
234,MX,es,/kaggle/working/Multi3Hate/data/memes/es/Jewish-Dude/234.jpg,Simmons  /  es un buen hermano para nosotros y leal a nuestras agendas,1,5,0
234,US,en,/kaggle/working/Multi3Hate/data/memes/en/Jewish-Dude/234.jpg,simmons  /  is a good brother to us and loyal to our agendas,4,5,1
235,CN,zh,/kaggle/working/Multi3Hate/data/memes/zh/Policeman/235.jpg,最大的街头帮派  /  在美国,4,5,1
235,DE,de,/kaggle/working/Multi3Hate/data/memes/de/Policeman/235.jpg,Die größte Straßengang  /  in Amerika,5,5,1
235,IN,hi,/kaggle/working/Multi3Hate/data/memes/hi/Policeman/235.jpg,सबसे बड़ा सड़क गिरोह  /  अमेरिका में,5,5,1
235,MX,es,/kaggle/working/Multi3Hate/data/memes/es/Policeman/235.jpg,La pandilla callejera más grande  /  en los Estados Unidos,2,5,0
235,US,en,/kaggle/working/Multi3Hate/data/memes/en/Policeman/235.jpg,The largest street gang  /  in America,3,5,1
236,CN,zh,/kaggle/working/Multi3Hate/data/memes/zh/Scumbag-Police-Officer/236.jpg,70 中的 85 ？  /  哦，我没看出来你是个金发美女。继续说吧，女士,3,4,1
236,DE,de,/kaggle/working/Multi3Hate/data/memes/de/Scumbag-Police-Officer/236.jpg,"85 in einer 70 Zone?  /  Oh, ich habe nicht gesehen, dass Sie eine wunderschöne Blondine sind. Machen Sie weiter, gnädige Frau",5,5,1
236,IN,hi,/kaggle/working/Multi3Hate/data/memes/hi/Scumbag-Police-Officer/236.jpg,"70 में 85?  /  ओह, मैंने नहीं देखा कि आप एक खूबसूरत गोरी हैं। आगे बढ़िए मैडम",4,5,1
236,MX,es,/kaggle/working/Multi3Hate/data/memes/es/Scumbag-Police-Officer/236.jpg,"85 en un 70?  /  Oh, no vi que eras una hermosa rubia. Siga adelante, señora.",3,5,1
236,US,en,/kaggle/working/Multi3Hate/data/memes/en/Scumbag-Police-Officer/236.jpg,"85 in a 70?  /  Oh, I didn't see that you're a beautiful blonde. Carry on ma'am",0,5,0
237,CN,zh,/kaggle/working/Multi3Hate/data/memes/zh/Scumbag-Police-Officer/237.jpg,加入警察队伍！  /  杀死手无寸铁的孩子并获得带薪休假！,5,5,1
237,DE,de,/kaggle/working/Multi3Hate/data/memes/de/Scumbag-Police-Officer/237.jpg,Treten Sie der Polizei bei!  /  Töten Sie unbewaffnete Kinder und bekommen Sie bezahlten Urlaub!,5,5,1
237,IN,hi,/kaggle/working/Multi3Hate/data/memes/hi/Scumbag-Police-Officer/237.jpg,पुलिस बल में शामिल हो जाओ!  /  निहत्थे बच्चों को मार डालो और वेतन सहित छुट्टियाँ पाओ!,5,5,1
237,MX,es,/kaggle/working/Multi3Hate/data/memes/es/Scumbag-Police-Officer/237.jpg,¡Únete a la fuerza policial!  /  ¡Mata a niños desarmados y obtén vacaciones pagadas!,4,5,1
237,US,en,/kaggle/working/Multi3Hate/data/memes/en/Scumbag-Police-Officer/237.jpg,Join the police force!  /  Kill unarmed kids and get paid vacations!,3,3,1
238,CN,zh,/kaggle/working/Multi3Hate/data/memes/zh/Mexicans-On-A-Truck/238.jpg,Jose 一家  /  去旅行,4,5,1
238,DE,de,/kaggle/working/Multi3Hate/data/memes/de/Mexicans-On-A-Truck/238.jpg,Joses Familie  /  Auf Reisen,5,5,1
238,IN,hi,/kaggle/working/Multi3Hate/data/memes/hi/Mexicans-On-A-Truck/238.jpg,जोस का परिवार  /  यात्रा पर जा रहा है,3,5,1
238,MX,es,/kaggle/working/Multi3Hate/data/memes/es/Mexicans-On-A-Truck/238.jpg,La familia de José  /  De viaje,4,5,1
238,US,en,/kaggle/working/Multi3Hate/data/memes/en/Mexicans-On-A-Truck/238.jpg,Jose's family  /  Going on a trip,4,4,1
239,CN,zh,/kaggle/working/Multi3Hate/data/memes/zh/Scumbag-Police-Officer/239.jpg,我忍不住注意到你的刹车灯坏了  /  ,0,5,0
239,DE,de,/kaggle/working/Multi3Hate/data/memes/de/Scumbag-Police-Officer/239.jpg,"Mir ist aufgefallen, dass bei dir ein Bremslicht ausgefallen ist  /  ",0,5,0
239,IN,hi,/kaggle/working/Multi3Hate/data/memes/hi/Scumbag-Police-Officer/239.jpg,मैं यह देखे बिना नहीं रह सका कि आपकी ब्रेक लाइट खराब है  /  ,0,5,0
239,MX,es,/kaggle/working/Multi3Hate/data/memes/es/Scumbag-Police-Officer/239.jpg,No pude evitar notar que tienes una luz de freno fundida.  / ,1,5,0
239,US,en,/kaggle/working/Multi3Hate/data/memes/en/Scumbag-Police-Officer/239.jpg,I couldn't but help notice you have a brake light out  /  ,0,5,0
240,CN,zh,/kaggle/working/Multi3Hate/data/memes/zh/Richarabclap/240.jpg,让我们团结起来......  /  一个以色列,4,5,1
240,DE,de,/kaggle/working/Multi3Hate/data/memes/de/Richarabclap/240.jpg,Lasst uns eins werden...  /  Ein Israel,4,4,1
240,IN,hi,/kaggle/working/Multi3Hate/data/memes/hi/Richarabclap/240.jpg,आइए एक हो जाएं...  /  एक इसराइल,3,5,1
240,MX,es,/kaggle/working/Multi3Hate/data/memes/es/Richarabclap/240.jpg,Convirtámonos en uno...  /  Un solo Israel.,3,4,1
240,US,en,/kaggle/working/Multi3Hate/data/memes/en/Richarabclap/240.jpg,Let's become one...  /  One israel,2,5,0
241,CN,zh,/kaggle/working/Multi3Hate/data/memes/zh/Mexicans-On-A-Truck/241.jpg,凯瑞运输 / 美国最新款,5,5,1
241,DE,de,/kaggle/working/Multi3Hate/data/memes/de/Mexicans-On-A-Truck/241.jpg,Kerry Transport  /  Amerikas Neuankömmlinge,5,5,1
241,IN,hi,/kaggle/working/Multi3Hate/data/memes/hi/Mexicans-On-A-Truck/241.jpg,केरी परिबाहन कर रही  /  अमेरिका के नवीनतम आगमन,5,5,1
241,MX,es,/kaggle/working/Multi3Hate/data/memes/es/Mexicans-On-A-Truck/241.jpg,Kerry transportando  /   los recién llegados de América.,5,5,1
241,US,en,/kaggle/working/Multi3Hate/data/memes/en/Mexicans-On-A-Truck/241.jpg,kerry transporting  /  America's newest arrivals,4,5,1
242,CN,zh,/kaggle/working/Multi3Hate/data/memes/zh/Scumbag-Catholic-Priest/242.jpg,  /  我摸你那儿并不不合适,5,5,1
242,DE,de,/kaggle/working/Multi3Hate/data/memes/de/Scumbag-Catholic-Priest/242.jpg,"  /  Es ist nicht unangemessen, wenn ich dich dort berühre",4,4,1
242,IN,hi,/kaggle/working/Multi3Hate/data/memes/hi/Scumbag-Catholic-Priest/242.jpg,  /  जब मैं तुम्हें वहां छूता हूं तो यह अनुचित नहीं है,5,5,1
242,MX,es,/kaggle/working/Multi3Hate/data/memes/es/Scumbag-Catholic-Priest/242.jpg,  /  no es inapropiado cuando te toco ahí,5,5,1
242,US,en,/kaggle/working/Multi3Hate/data/memes/en/Scumbag-Catholic-Priest/242.jpg,  /  it's not inappropriate when I touch you there,3,4,1
243,CN,zh,/kaggle/working/Multi3Hate/data/memes/zh/Angry-Muslim-Guy/243.jpg,快乐的  /  新年！！！,0,4,0
243,DE,de,/kaggle/working/Multi3Hate/data/memes/de/Angry-Muslim-Guy/243.jpg,Fohes  /  Neues Jahr!!!,0,5,0
243,IN,hi,/kaggle/working/Multi3Hate/data/memes/hi/Angry-Muslim-Guy/243.jpg,हार्दिक शुभकामनाएं  / नव वर्ष की,1,5,0
243,MX,es,/kaggle/working/Multi3Hate/data/memes/es/Angry-Muslim-Guy/243.jpg,Feliz  /  ¡¡¡Año Nuevo!!!,0,5,0
243,US,en,/kaggle/working/Multi3Hate/data/memes/en/Angry-Muslim-Guy/243.jpg,Happy  /  New year!!!,0,5,0
244,CN,zh,/kaggle/working/Multi3Hate/data/memes/zh/Feminist-Cunt/244.jpg,我希望在体力艰苦的工作中实现完全平等  /  女性应该接受更容易的体能测试,4,5,1
244,DE,de,/kaggle/working/Multi3Hate/data/memes/de/Feminist-Cunt/244.jpg,Ich will volle Gleichberechtigung bei körperlich anstrengenden Berufen  /  Frauen sollten leichtere körperliche Test machen müssen ,5,5,1
244,IN,hi,/kaggle/working/Multi3Hate/data/memes/hi/Feminist-Cunt/244.jpg,मैं शारीरिक रूप से कठिन नौकरियों में पूर्ण समानता चाहती हूँ  /  महिलाओं के लिए शारीरिक परीक्षण आसान होने चाहिए,2,5,0
244,MX,es,/kaggle/working/Multi3Hate/data/memes/es/Feminist-Cunt/244.jpg,Quiero plena igualdad en trabajos físicamente duros  /  Las mujeres deberían tener pruebas físicas más fáciles,4,5,1
244,US,en,/kaggle/working/Multi3Hate/data/memes/en/Feminist-Cunt/244.jpg,I want full equality in physically tough jobs  /  Women should have easier physical tests,5,5,1
245,CN,zh,/kaggle/working/Multi3Hate/data/memes/zh/Oppressive-Trans-Bro/245.jpg,我被强奸了，还怀孕了  /  但我认为自己是男性，所以没关系……也很迷人,5,5,1
245,DE,de,/kaggle/working/Multi3Hate/data/memes/de/Oppressive-Trans-Bro/245.jpg,"Ich wurde vergewaltigt und schwanger  /  aber ich identifiziere mich als männlich, also ist es in Ordnung ... auch charmant exzentrisch",4,5,1
245,IN,hi,/kaggle/working/Multi3Hate/data/memes/hi/Oppressive-Trans-Bro/245.jpg,मेरा बलात्कार हुआ और मैं गर्भवती हो गई  /  लेकिन मैं खुद को पुरुष मानती हूं इसलिए यह ठीक है... साथ ही आकर्षक रूप से विलक्षण भी हूं,4,5,1
245,MX,es,/kaggle/working/Multi3Hate/data/memes/es/Oppressive-Trans-Bro/245.jpg,"Fui violada y quedé embarazada  /  pero me identifico como hombre, así que está bien... también encantadoramente excéntrico.",5,5,1
245,US,en,/kaggle/working/Multi3Hate/data/memes/en/Oppressive-Trans-Bro/245.jpg,I got raped and got pregnant  /  but i identify as male so its allright... also charmingly excentric,5,5,1
246,CN,zh,/kaggle/working/Multi3Hate/data/memes/zh/Typical-Germany-Lover/246.jpg,两次阻止接管欧洲  /  现在控制欧元区,5,5,1
246,DE,de,/kaggle/working/Multi3Hate/data/memes/de/Typical-Germany-Lover/246.jpg,"Wurde zweimal daran gehindert, Europa zu übernehmen  /  kontrolliert jetzt die Eurozone",1,4,0
246,IN,hi,/kaggle/working/Multi3Hate/data/memes/hi/Typical-Germany-Lover/246.jpg,यूरोप पर कब्ज़ा करने से दो बार रोका गया  /  अब यूरो-ज़ोन पर नियंत्रण करता है,4,5,1
246,MX,es,/kaggle/working/Multi3Hate/data/memes/es/Typical-Germany-Lover/246.jpg,Es detenido dos veces de tomar el control de Europa  /  ahora controla la Eurozona.,3,4,1
246,US,en,/kaggle/working/Multi3Hate/data/memes/en/Typical-Germany-Lover/246.jpg,Is stopped twice from taking over Europe  /  now controls the Euro-Zone,3,3,1
247,CN,zh,/kaggle/working/Multi3Hate/data/memes/zh/Scumbag-Catholic-Priest/247.jpg,一名神父！  /  把孩子们藏起来！,5,5,1
247,DE,de,/kaggle/working/Multi3Hate/data/memes/de/Scumbag-Catholic-Priest/247.jpg,Ein Priester!  /  Versteckt die Kinder!,3,3,1
247,IN,hi,/kaggle/working/Multi3Hate/data/memes/hi/Scumbag-Catholic-Priest/247.jpg,एक पुजारी!  /  बच्चों को छिपाओ!,5,5,1
247,MX,es,/kaggle/working/Multi3Hate/data/memes/es/Scumbag-Catholic-Priest/247.jpg,Un sacerdote !  /  ¡Esconde a los niños!,4,5,1
247,US,en,/kaggle/working/Multi3Hate/data/memes/en/Scumbag-Catholic-Priest/247.jpg,A Priest !  /  Hide the children !,5,5,1
248,CN,zh,/kaggle/working/Multi3Hate/data/memes/zh/Scumbag-Catholic-Priest/248.jpg,天主教会  /  保护恋童癖牧师 500 年,5,5,1
248,DE,de,/kaggle/working/Multi3Hate/data/memes/de/Scumbag-Catholic-Priest/248.jpg,Katholische Kirche  /  schützt seit 500 Jahren pädophile Priester,3,5,1
248,IN,hi,/kaggle/working/Multi3Hate/data/memes/hi/Scumbag-Catholic-Priest/248.jpg,कैथोलिक चर्च  /  500 वर्षों से पेडो पुजारियों की रक्षा कर रहा है,3,3,1
248,MX,es,/kaggle/working/Multi3Hate/data/memes/es/Scumbag-Catholic-Priest/248.jpg,Iglesia católica  /  protegiendo a los sacerdotes pedofilos durante 500 años,5,5,1
248,US,en,/kaggle/working/Multi3Hate/data/memes/en/Scumbag-Catholic-Priest/248.jpg,Catholic church  /  protecting pedo priests for 500 years,5,5,1
249,CN,zh,/kaggle/working/Multi3Hate/data/memes/zh/Oppressive-Trans-Bro/249.jpg,跨性别厌恶者？  /  但我一直在和变性女人做爱！,5,5,1
249,DE,de,/kaggle/working/Multi3Hate/data/memes/de/Oppressive-Trans-Bro/249.jpg,Transmisogynist?  /  aber ich ficke ständig Transfrauen!,3,4,1
249,IN,hi,/kaggle/working/Multi3Hate/data/memes/hi/Oppressive-Trans-Bro/249.jpg, ट्रांसमिसोजिनिस्ट?  /  लेकिन मैं हर समय ट्रांस महिलाओं को चोदता हूँ!,5,5,1
249,MX,es,/kaggle/working/Multi3Hate/data/memes/es/Oppressive-Trans-Bro/249.jpg,transmisógino?  /  ¡pero me follo a mujeres trans todo el tiempo!,3,4,1
249,US,en,/kaggle/working/Multi3Hate/data/memes/en/Oppressive-Trans-Bro/249.jpg,transmisogynist?  /  but I fuck trans women all the time!,5,5,1
250,CN,zh,/kaggle/working/Multi3Hate/data/memes/zh/Mexicans-On-A-Truck/250.jpg,当地人就像  /  在去参加州运动会的路上，给我们留一个位置。,3,4,1
250,DE,de,/kaggle/working/Multi3Hate/data/memes/de/Mexicans-On-A-Truck/250.jpg,"Die Einheimischen sagen:  /  Auf dem Weg zu den Staatsspielen, reserviert Sie uns einen Platz.",4,4,1
250,IN,hi,/kaggle/working/Multi3Hate/data/memes/hi/Mexicans-On-A-Truck/250.jpg,"मूल निवासी मानते  /  राज्य खेलों के लिए हम रस्ते में है, हमारे लिए एक जगह बचाओ।",4,5,1
250,MX,es,/kaggle/working/Multi3Hate/data/memes/es/Mexicans-On-A-Truck/250.jpg,"Los nativos sonasi  /  En nuestro camino a los juegos estatales, guárdanos un lugar.",4,5,1
250,US,en,/kaggle/working/Multi3Hate/data/memes/en/Mexicans-On-A-Truck/250.jpg,"Natives be like  /  On our way to the state games,save us a spot.",4,4,1
251,CN,zh,/kaggle/working/Multi3Hate/data/memes/zh/Arabic-Meme/251.jpg,太好了我刚刚遇见了 / 咱们12岁女儿的未来夫婿,3,5,1
251,DE,de,/kaggle/working/Multi3Hate/data/memes/de/Arabic-Meme/251.jpg,"Wie aufregend, dass ich gerade  /  Den zukünftigen Ehemann unserer 12-jährigen Tochter getroffen habe",5,5,1
251,IN,hi,/kaggle/working/Multi3Hate/data/memes/hi/Arabic-Meme/251.jpg,मैं अभी-अभी कितना रोमांचित हुआ हूँ  /  हमारी 12 साल की बेटी का होने वाला पति,5,5,1
251,MX,es,/kaggle/working/Multi3Hate/data/memes/es/Arabic-Meme/251.jpg,"Que emocionante, acabo de conocer  /  al futuro esposo de nuestra hija de 12 años",4,5,1
251,US,en,/kaggle/working/Multi3Hate/data/memes/en/Arabic-Meme/251.jpg,How exciting I just met  /  Our 12 year old daughter's husband to be,3,4,1
252,CN,zh,/kaggle/working/Multi3Hate/data/memes/zh/Good-Chinese-Student/252.jpg,我是lizzi，今天是我生日 / 我会利用好今天的每分每秒,0,5,0
252,DE,de,/kaggle/working/Multi3Hate/data/memes/de/Good-Chinese-Student/252.jpg,ich bin lizzie  /  es war mein Geburtstag und ich werde das voll ausnutzen,0,5,0
252,IN,hi,/kaggle/working/Multi3Hate/data/memes/hi/Good-Chinese-Student/252.jpg,मैं लिज़ी हूँ  /  यह मेरा जन्मदिन था और मैं इसका पूरा फ़ायदा उठाऊँगी,1,5,0
252,MX,es,/kaggle/working/Multi3Hate/data/memes/es/Good-Chinese-Student/252.jpg,Soy Lizzie  /  fue mi cumpleaños y lo aprovecharé al máximo.,0,5,0
252,US,en,/kaggle/working/Multi3Hate/data/memes/en/Good-Chinese-Student/252.jpg,im lizzie  /  it was my birthday and ill milk it for all its worrth,0,5,0
253,CN,zh,/kaggle/working/Multi3Hate/data/memes/zh/Mexicans-On-A-Truck/253.jpg,我们必须跨越边境  /  赶上 2016 年大选,5,5,1
253,DE,de,/kaggle/working/Multi3Hate/data/memes/de/Mexicans-On-A-Truck/253.jpg,wir müssen über die Grenze  /  rechtzeitig zur Wahl 2016,5,5,1
253,IN,hi,/kaggle/working/Multi3Hate/data/memes/hi/Mexicans-On-A-Truck/253.jpg,हमें सीमा पार जाना होगा  /  2016 के चुनाव के समय,3,4,1
253,MX,es,/kaggle/working/Multi3Hate/data/memes/es/Mexicans-On-A-Truck/253.jpg,tenemos que cruzar la frontera  /  a tiempo para las elecciones de 2016,4,5,1
253,US,en,/kaggle/working/Multi3Hate/data/memes/en/Mexicans-On-A-Truck/253.jpg,we have to get across the border  /  in time for the 2016 election,5,5,1
254,CN,zh,/kaggle/working/Multi3Hate/data/memes/zh/Arabic-Meme/254.jpg,我的牙齿里有东西吗  /  ,4,5,1
254,DE,de,/kaggle/working/Multi3Hate/data/memes/de/Arabic-Meme/254.jpg,Habe ich etwas zwischen den Zähnen?  /  ,2,5,0
254,IN,hi,/kaggle/working/Multi3Hate/data/memes/hi/Arabic-Meme/254.jpg,क्या मेरे दांतों में कुछ है?  /  ,2,5,0
254,MX,es,/kaggle/working/Multi3Hate/data/memes/es/Arabic-Meme/254.jpg,¿Tengo algo en los dientes?  / ,3,5,1
254,US,en,/kaggle/working/Multi3Hate/data/memes/en/Arabic-Meme/254.jpg,Do I got something in my teeth  /  ,3,5,1
255,CN,zh,/kaggle/working/Multi3Hate/data/memes/zh/Mexicans-On-A-Truck/255.jpg,拼车去拉斯维加斯  /  为 Jaime 庆祝生日,4,5,1
255,DE,de,/kaggle/working/Multi3Hate/data/memes/de/Mexicans-On-A-Truck/255.jpg,Fahrgemeinschaft nach Vegas  /  Zu Jaimes Geburtstag,3,5,1
255,IN,hi,/kaggle/working/Multi3Hate/data/memes/hi/Mexicans-On-A-Truck/255.jpg,वेगास तक कारपूलिंग  /  जैमी के जन्मदिन के लिए,2,5,0
255,MX,es,/kaggle/working/Multi3Hate/data/memes/es/Mexicans-On-A-Truck/255.jpg,Compartir coche a Las Vegas  /  Para el cumpleaños de Jaime,2,5,0
255,US,en,/kaggle/working/Multi3Hate/data/memes/en/Mexicans-On-A-Truck/255.jpg,carpooling to Vegas  /  For jaime's birthday,3,4,1
256,CN,zh,/kaggle/working/Multi3Hate/data/memes/zh/White-Power-Problems/256.jpg,雅利安人  /  从未庆祝过诺鲁孜节,5,5,1
256,DE,de,/kaggle/working/Multi3Hate/data/memes/de/White-Power-Problems/256.jpg,Arier  /  Hat nie Nowruz gefeiert,4,4,1
256,IN,hi,/kaggle/working/Multi3Hate/data/memes/hi/White-Power-Problems/256.jpg,आर्यन  /  कभी नवरोज़ नहीं मनाया,4,4,1
256,MX,es,/kaggle/working/Multi3Hate/data/memes/es/White-Power-Problems/256.jpg,Ario  /  Nunca celebró el Nowruz,1,3,0
256,US,en,/kaggle/working/Multi3Hate/data/memes/en/White-Power-Problems/256.jpg,Aryan  /  Never celebrated Nowruz,3,3,1
257,CN,zh,/kaggle/working/Multi3Hate/data/memes/zh/American-Flag-Shotgun-Guy/257.jpg,  /  不怕龙卷风,5,5,1
257,DE,de,/kaggle/working/Multi3Hate/data/memes/de/American-Flag-Shotgun-Guy/257.jpg,  /  hat keine Angst vor einem Tornado,3,5,1
257,IN,hi,/kaggle/working/Multi3Hate/data/memes/hi/American-Flag-Shotgun-Guy/257.jpg,  /  किसी बवंडर से नहीं डरता,2,5,0
257,MX,es,/kaggle/working/Multi3Hate/data/memes/es/American-Flag-Shotgun-Guy/257.jpg,  /  no le teme a ningún tornado,1,5,0
257,US,en,/kaggle/working/Multi3Hate/data/memes/en/American-Flag-Shotgun-Guy/257.jpg,  /  ain't scared of no tornado,0,4,0
258,CN,zh,/kaggle/working/Multi3Hate/data/memes/zh/Policeman/258.jpg,当警察发现  /  你是黑人,5,5,1
258,DE,de,/kaggle/working/Multi3Hate/data/memes/de/Policeman/258.jpg,Wenn die Polizei herausfindet  /  Dass du schwarz bist,4,4,1
258,IN,hi,/kaggle/working/Multi3Hate/data/memes/hi/Policeman/258.jpg,जब पुलिस को पता चला  /  आप काले हैं,5,5,1
258,MX,es,/kaggle/working/Multi3Hate/data/memes/es/Policeman/258.jpg,Cuando la policía descubre  /  que eres negro,5,5,1
258,US,en,/kaggle/working/Multi3Hate/data/memes/en/Policeman/258.jpg,When the police finds out  /  You're Black,4,5,1
259,CN,zh,/kaggle/working/Multi3Hate/data/memes/zh/Mexicans-On-A-Truck/259.jpg,全体上车  /  下一站，道奇体育场,2,5,0
259,DE,de,/kaggle/working/Multi3Hate/data/memes/de/Mexicans-On-A-Truck/259.jpg,"alle einsteigen  /  nächster Halt, Dodgers Stadium",4,5,1
259,IN,hi,/kaggle/working/Multi3Hate/data/memes/hi/Mexicans-On-A-Truck/259.jpg,"सभी सवार हो जाएं  /  अगला पड़ाव, डोजर्स स्टेडियम",1,3,0
259,MX,es,/kaggle/working/Multi3Hate/data/memes/es/Mexicans-On-A-Truck/259.jpg,"Todos a bordo  /  próxima parada, el Estadio de los Dodgers.",4,5,1
259,US,en,/kaggle/working/Multi3Hate/data/memes/en/Mexicans-On-A-Truck/259.jpg,"all aboard  /  next stop, Dodgers Stadium",2,5,0
260,CN,zh,/kaggle/working/Multi3Hate/data/memes/zh/Mexicans-On-A-Truck/260.jpg,前往你家，塞萨尔……  /  祝你生日快乐，老兄！！！,3,5,1
260,DE,de,/kaggle/working/Multi3Hate/data/memes/de/Mexicans-On-A-Truck/260.jpg,"Auf dem Weg zu dir nach Hause, Cesar..  /  ALLES GUTE ZUM GEBURTSTAG, KUMPEL!!!",3,5,1
260,IN,hi,/kaggle/working/Multi3Hate/data/memes/hi/Mexicans-On-A-Truck/260.jpg,आपके घर की ओर जा रहा हूँ सीज़र..  /  जन्मदिन मुबारक हो दोस्त!!!,1,5,0
260,MX,es,/kaggle/working/Multi3Hate/data/memes/es/Mexicans-On-A-Truck/260.jpg,Rumbo a tu casa Cesar..  /  ¡¡¡FELIZ CUMPLEAÑOS HOMIE!!!,3,5,1
260,US,en,/kaggle/working/Multi3Hate/data/memes/en/Mexicans-On-A-Truck/260.jpg,Headed to your house Cesar..  /  HAPPY BIRTHDAY HOMIE!!!,1,5,0
261,CN,zh,/kaggle/working/Multi3Hate/data/memes/zh/American-Flag-Shotgun-Guy/261.jpg,你可以夺走我的阳光  /  但你永远夺不走我的自由,2,5,0
261,DE,de,/kaggle/working/Multi3Hate/data/memes/de/American-Flag-Shotgun-Guy/261.jpg,Du kannst mir meinen Sonnenschein nehmen  /  Aber du wirst mir niemals meine Freiheit nehmen,0,4,0
261,IN,hi,/kaggle/working/Multi3Hate/data/memes/hi/American-Flag-Shotgun-Guy/261.jpg,तुम मेरी धूप ले सकते हो  /  लेकिन तुम मेरी आज़ादी कभी नहीं छीन पाओगे,0,5,0
261,MX,es,/kaggle/working/Multi3Hate/data/memes/es/American-Flag-Shotgun-Guy/261.jpg,Pueden tomar mi sol  /  Pero nunca me quitarán mi libertad.,2,5,0
261,US,en,/kaggle/working/Multi3Hate/data/memes/en/American-Flag-Shotgun-Guy/261.jpg,you may take my sunshine  /  But you'll never take my freedom,0,5,0
262,CN,zh,/kaggle/working/Multi3Hate/data/memes/zh/Mexicans-On-A-Truck/262.jpg,美国的衰落  /  不费一枪一弹,5,5,1
262,DE,de,/kaggle/working/Multi3Hate/data/memes/de/Mexicans-On-A-Truck/262.jpg,der Untergang Amerikas  /  ohne einen Schuss abzufeuern,5,5,1
262,IN,hi,/kaggle/working/Multi3Hate/data/memes/hi/Mexicans-On-A-Truck/262.jpg,अमेरिका का पतन  /  बिना गोली चलाए,5,5,1
262,MX,es,/kaggle/working/Multi3Hate/data/memes/es/Mexicans-On-A-Truck/262.jpg,La caída de América  /  sin disparar un tiro,4,4,1
262,US,en,/kaggle/working/Multi3Hate/data/memes/en/Mexicans-On-A-Truck/262.jpg,the down fall of america  /  without firing a shot,5,5,1
263,CN,zh,/kaggle/working/Multi3Hate/data/memes/zh/Stern-But-Honest-Chinese-Guy/263.jpg,Linder-Green 一家应该搬到  /  朝鲜/朝鲜,5,5,1
263,DE,de,/kaggle/working/Multi3Hate/data/memes/de/Stern-But-Honest-Chinese-Guy/263.jpg,Die Familie Linder-Green sollte nach  /  Nordkorea/DVRK ziehen,3,4,1
263,IN,hi,/kaggle/working/Multi3Hate/data/memes/hi/Stern-But-Honest-Chinese-Guy/263.jpg,लिंडर-ग्रीन परिवार को चले जाना चाहिए  /  उत्तर कोरिया/डीपीआरके,5,5,1
263,MX,es,/kaggle/working/Multi3Hate/data/memes/es/Stern-But-Honest-Chinese-Guy/263.jpg,La familia Linder-Green debería mudarse a  /  Corea del Norte/RPDC,3,4,1
263,US,en,/kaggle/working/Multi3Hate/data/memes/en/Stern-But-Honest-Chinese-Guy/263.jpg,The Linder-Green family should move to  /  North Korea/DPRK,4,4,1
264,CN,zh,/kaggle/working/Multi3Hate/data/memes/zh/Typical-Germany-Lover/264.jpg,苏珊娜  /  可能是全德国最好的技术翻译,1,4,0
264,DE,de,/kaggle/working/Multi3Hate/data/memes/de/Typical-Germany-Lover/264.jpg,Susanne Lang  /  Die wahrscheinlich beste technische Übersetzerin Deutschlands,2,3,1
264,IN,hi,/kaggle/working/Multi3Hate/data/memes/hi/Typical-Germany-Lover/264.jpg,सुज़ैन लैंग  /  संभवतः जर्मनी में सर्वश्रेष्ठ तकनीकी अनुवादक,3,5,1
264,MX,es,/kaggle/working/Multi3Hate/data/memes/es/Typical-Germany-Lover/264.jpg,Susanne Lang  /  Probablemente la mejor traductora técnica de Alemania,0,4,0
264,US,en,/kaggle/working/Multi3Hate/data/memes/en/Typical-Germany-Lover/264.jpg,Susanne Lang  /  Probably the best Technical translator in Germany,0,3,0
265,CN,zh,/kaggle/working/Multi3Hate/data/memes/zh/Privilege-Abusing-White-Couple/265.jpg,优秀男性相信女性平等  /  ,3,5,1
265,DE,de,/kaggle/working/Multi3Hate/data/memes/de/Privilege-Abusing-White-Couple/265.jpg,Hochwertige Männer glauben an die Gleichberechtigung der Frauen  /  ,0,5,0
265,IN,hi,/kaggle/working/Multi3Hate/data/memes/hi/Privilege-Abusing-White-Couple/265.jpg,गुणवत्ता वाले पुरुष महिलाओं की समानता में विश्वास करते हैं  /  ,1,5,0
265,MX,es,/kaggle/working/Multi3Hate/data/memes/es/Privilege-Abusing-White-Couple/265.jpg,Los hombres de calidad creen en la igualdad de las mujeres.  /  ,1,5,0
265,US,en,/kaggle/working/Multi3Hate/data/memes/en/Privilege-Abusing-White-Couple/265.jpg,Quality men believe in equality of women  /  ,0,5,0
266,CN,zh,/kaggle/working/Multi3Hate/data/memes/zh/Good-Chinese-Student/266.jpg,中国学生  /  他们无处不在,5,5,1
266,DE,de,/kaggle/working/Multi3Hate/data/memes/de/Good-Chinese-Student/266.jpg,chinesische Studenten  /  sie sind überall,4,5,1
266,IN,hi,/kaggle/working/Multi3Hate/data/memes/hi/Good-Chinese-Student/266.jpg,चीनी छात्र  /  वे हर जगह हैं,3,5,1
266,MX,es,/kaggle/working/Multi3Hate/data/memes/es/Good-Chinese-Student/266.jpg,estudiantes chinos  /  están por todas partes,3,5,1
266,US,en,/kaggle/working/Multi3Hate/data/memes/en/Good-Chinese-Student/266.jpg,chinese students  /  they are everywhere,3,4,1
267,CN,zh,/kaggle/working/Multi3Hate/data/memes/zh/Policeman/267.jpg,如果你不想被警察枪杀  /  你试过不攻击他们吗？,4,5,1
267,DE,de,/kaggle/working/Multi3Hate/data/memes/de/Policeman/267.jpg,"Wenn Sie nicht von der Polizei erschossen werden möchten  /  Haben Sie versucht, sie nicht anzugreifen?",2,5,0
267,IN,hi,/kaggle/working/Multi3Hate/data/memes/hi/Policeman/267.jpg, यदि आप पुलिस द्वारा गोली नहीं खाना चाहते हैं  /  क्या आपने उन पर हमला न करने का प्रयास किया है?,2,5,0
267,MX,es,/kaggle/working/Multi3Hate/data/memes/es/Policeman/267.jpg,Si no quieres que la policía te dispare  /  ¿Has intentado no atacarlos?,2,5,0
267,US,en,/kaggle/working/Multi3Hate/data/memes/en/Policeman/267.jpg,If you don't want to be shot by police  /  Have you tried not attacking them?,3,5,1
268,CN,zh,/kaggle/working/Multi3Hate/data/memes/zh/Richarabclap/268.jpg,还有你的同事  /  很喜欢它,1,4,0
268,DE,de,/kaggle/working/Multi3Hate/data/memes/de/Richarabclap/268.jpg,UND DEINE KOLLEGEN  /  LIEBEN ES,0,5,0
268,IN,hi,/kaggle/working/Multi3Hate/data/memes/hi/Richarabclap/268.jpg,और आपके सहकर्मी  /  इससे प्यार करते है ,3,5,1
268,MX,es,/kaggle/working/Multi3Hate/data/memes/es/Richarabclap/268.jpg,Y A TU COMPAÑERO DE TRABAJO  /  LE ENCANTA,1,4,0
268,US,en,/kaggle/working/Multi3Hate/data/memes/en/Richarabclap/268.jpg,AND YOUR COWORKER  /  LOVES IT,0,4,0
269,CN,zh,/kaggle/working/Multi3Hate/data/memes/zh/Muslim-Immigrant/269.jpg,刚刚好赶上 / 科隆的新年,2,5,0
269,DE,de,/kaggle/working/Multi3Hate/data/memes/de/Muslim-Immigrant/269.jpg,pünktlich  /  zum Neujahr in Köln,4,4,1
269,IN,hi,/kaggle/working/Multi3Hate/data/memes/hi/Muslim-Immigrant/269.jpg,ठीक वक़्त पर  /  कोलोन में नए साल के लिए,1,3,0
269,MX,es,/kaggle/working/Multi3Hate/data/memes/es/Muslim-Immigrant/269.jpg,justo a tiempo  /  para el año nuevo en colonia,1,4,0
269,US,en,/kaggle/working/Multi3Hate/data/memes/en/Muslim-Immigrant/269.jpg,just in time  /  for new year in cologne,0,4,0
270,CN,zh,/kaggle/working/Multi3Hate/data/memes/zh/Policeman/270.jpg,一旦你因为汽车尾灯损坏而开始杀害平民  /  你现在就是杀人犯,4,5,1
270,DE,de,/kaggle/working/Multi3Hate/data/memes/de/Policeman/270.jpg,"Sobald Sie anfangen, Zivilisten wegen kaputter Rücklichter zu töten  /  Sie sind ein Mörder jetzt",3,4,1
270,IN,hi,/kaggle/working/Multi3Hate/data/memes/hi/Policeman/270.jpg,एक बार जब आप टूटी हुई टेल लाइट के लिए नागरिकों को मारना शुरू कर देते हैं  /  तो आप एक हत्यारे हैं,3,5,1
270,MX,es,/kaggle/working/Multi3Hate/data/memes/es/Policeman/270.jpg,Una vez que empiezas a matar civiles por luces traseras quebradas  /  Ahora eres un asesino,3,5,1
270,US,en,/kaggle/working/Multi3Hate/data/memes/en/Policeman/270.jpg,Once you start killing civilians for busted tail lights  /  You are now a murderer,3,5,1
271,CN,zh,/kaggle/working/Multi3Hate/data/memes/zh/Privilege-Abusing-White-Couple/271.jpg,我太爱你了，所以我把你放在我的  /  长期记忆,0,5,0
271,DE,de,/kaggle/working/Multi3Hate/data/memes/de/Privilege-Abusing-White-Couple/271.jpg,"Ich liebe dich so sehr, dass ich dich in mein  /  Langzeitgedächtnis speichere",0,5,0
271,IN,hi,/kaggle/working/Multi3Hate/data/memes/hi/Privilege-Abusing-White-Couple/271.jpg,मैं तुम्हें इतना प्यार करता हूं कि मैंने तुम्हें  /  दीर्घकालीन स्मृति में रखा है,1,5,0
271,MX,es,/kaggle/working/Multi3Hate/data/memes/es/Privilege-Abusing-White-Couple/271.jpg,Te amo tanto que te puse en mi  /  memoria a largo plazo,0,5,0
271,US,en,/kaggle/working/Multi3Hate/data/memes/en/Privilege-Abusing-White-Couple/271.jpg,I love you so much I put you in my  /  long term memory,0,5,0
272,CN,zh,/kaggle/working/Multi3Hate/data/memes/zh/Nia-China/272.jpg,保持冷静  /  并渗透到中国！,5,5,1
272,DE,de,/kaggle/working/Multi3Hate/data/memes/de/Nia-China/272.jpg,BEWAHRT RUHE  /  UND DRINGE IN CHINA EIN!,4,4,1
272,IN,hi,/kaggle/working/Multi3Hate/data/memes/hi/Nia-China/272.jpg,शांत रहें  /  और चीन में घुसपैठ करें!,5,5,1
272,MX,es,/kaggle/working/Multi3Hate/data/memes/es/Nia-China/272.jpg,MANTEN LA CALMA  /  ¡Y PENETRA CHINA!,3,4,1
272,US,en,/kaggle/working/Multi3Hate/data/memes/en/Nia-China/272.jpg,KEEP CALM  /  AND PENETRATE CHINA!,4,5,1
273,CN,zh,/kaggle/working/Multi3Hate/data/memes/zh/Transvestite-Trevor/273.jpg,我在找尼基尔  /  请问你能找到他吗,3,4,1
273,DE,de,/kaggle/working/Multi3Hate/data/memes/de/Transvestite-Trevor/273.jpg,Ich suche Nikhil  /  Kannst du ihn bitte finden,0,5,0
273,IN,hi,/kaggle/working/Multi3Hate/data/memes/hi/Transvestite-Trevor/273.jpg,मैं निखिल को ढूंढ रहा हूं  /  क्या आप उसे ढूंढ सकते ,0,5,0
273,MX,es,/kaggle/working/Multi3Hate/data/memes/es/Transvestite-Trevor/273.jpg,Estoy buscando a Nikhil  /  ¿Puedes encontrarlo por favor?,2,3,1
273,US,en,/kaggle/working/Multi3Hate/data/memes/en/Transvestite-Trevor/273.jpg,I'm looking for Nikhil  /  Can you find him please,1,5,0
274,CN,zh,/kaggle/working/Multi3Hate/data/memes/zh/Jesus-Christ/274.jpg,自由派  /  比 CNN 的电视收视率损失更大,4,5,1
274,DE,de,/kaggle/working/Multi3Hate/data/memes/de/Jesus-Christ/274.jpg,Liberale  /  größere Verlierer als CNNs Einschaltquoten,5,5,1
274,IN,hi,/kaggle/working/Multi3Hate/data/memes/hi/Jesus-Christ/274.jpg,उदारवादी  /  सीएनएन की टीवी रेटिंग से भी बड़े हारे हुए,4,4,1
274,MX,es,/kaggle/working/Multi3Hate/data/memes/es/Jesus-Christ/274.jpg,liberales  /  mayores perdedores que los ratings de televisión de CNN,3,5,1
274,US,en,/kaggle/working/Multi3Hate/data/memes/en/Jesus-Christ/274.jpg,liberals  /  bigger losers than cnn's tv ratings,4,5,1
275,CN,zh,/kaggle/working/Multi3Hate/data/memes/zh/Scumbag-Catholic-Priest/275.jpg,表达你对健康性行为的厌恶  /  今天就成为一名牧师！,5,5,1
275,DE,de,/kaggle/working/Multi3Hate/data/memes/de/Scumbag-Catholic-Priest/275.jpg,Zeigen Sie Ihren Hass auf gesunden Sex  /  Werden Sie noch heute Priester!,5,5,1
275,IN,hi,/kaggle/working/Multi3Hate/data/memes/hi/Scumbag-Catholic-Priest/275.jpg,स्वस्थ सेक्स के प्रति अपनी नफरत दिखाएं  /  आज ही पुजारी बनें!,4,5,1
275,MX,es,/kaggle/working/Multi3Hate/data/memes/es/Scumbag-Catholic-Priest/275.jpg,Muestra tu odio por el sexo sano  /  ¡Hazte cura hoy mismo!,5,5,1
275,US,en,/kaggle/working/Multi3Hate/data/memes/en/Scumbag-Catholic-Priest/275.jpg,Show your hate for healthy sex  /  Become a priest today!,3,4,1
276,CN,zh,/kaggle/working/Multi3Hate/data/memes/zh/Policeman/276.jpg,事实上，Facebook 确实  /  有语法规则...,1,5,0
276,DE,de,/kaggle/working/Multi3Hate/data/memes/de/Policeman/276.jpg,Tatsächlich gibt es auf Facebook  /  Regeln zur Grammatik ...,0,5,0
276,IN,hi,/kaggle/working/Multi3Hate/data/memes/hi/Policeman/276.jpg,"दरअसल, फेसबुक  /  व्याकरण पर नियम हैं...",2,5,0
276,MX,es,/kaggle/working/Multi3Hate/data/memes/es/Policeman/276.jpg,"En realidad, Facebook sí  /  Tiene reglas gramaticales...",0,4,0
276,US,en,/kaggle/working/Multi3Hate/data/memes/en/Policeman/276.jpg,"Actually, Facebook does  /  Have rules on grammar...",0,5,0
277,CN,zh,/kaggle/working/Multi3Hate/data/memes/zh/Mexicanotriste/277.jpg,奥巴马骗了我  /  说我可以投票，但现在我却进了监狱,5,5,1
277,DE,de,/kaggle/working/Multi3Hate/data/memes/de/Mexicanotriste/277.jpg,"Obama hat mich angelogen  /  Sagte, ich könnte wählen, aber jetzt gehe ich ins Gefängnis",4,5,1
277,IN,hi,/kaggle/working/Multi3Hate/data/memes/hi/Mexicanotriste/277.jpg,"ओबामा ने मुझसे झूठ बोला  /  कहा था कि मैं वोट दे सकता हूं, लेकिन अब मैं जेल जा रहा हु ",4,5,1
277,MX,es,/kaggle/working/Multi3Hate/data/memes/es/Mexicanotriste/277.jpg,"Obama me mintió  /  Dijo que podía votar, pero ahora voy a la cárcel",2,5,0
277,US,en,/kaggle/working/Multi3Hate/data/memes/en/Mexicanotriste/277.jpg,"Obama lied to me  /  Said I could vote, but now I go to jail",3,3,1
278,CN,zh,/kaggle/working/Multi3Hate/data/memes/zh/Feminist-Cunt/278.jpg,你正在录制  /  你最好不要把这个放到 youtube 上,3,5,1
278,DE,de,/kaggle/working/Multi3Hate/data/memes/de/Feminist-Cunt/278.jpg,du nimmst auf  /  das solltest du besser nicht auf YouTube stellen,3,4,1
278,IN,hi,/kaggle/working/Multi3Hate/data/memes/hi/Feminist-Cunt/278.jpg,आप रिकॉर्डिंग कर रहे हैं  /  बेहतर होगा कि आप इसे यूट्यूब पर न डालें,2,5,0
278,MX,es,/kaggle/working/Multi3Hate/data/memes/es/Feminist-Cunt/278.jpg,estás grabando  /  será mejor que no lo subas a youtube,2,3,1
278,US,en,/kaggle/working/Multi3Hate/data/memes/en/Feminist-Cunt/278.jpg,you're recording  /  you better not put this on youtube,1,5,0
279,CN,zh,/kaggle/working/Multi3Hate/data/memes/zh/Angry-Muslim-Guy/279.jpg,好家伙所以这才是 / 女人耳朵的样子,5,5,1
279,DE,de,/kaggle/working/Multi3Hate/data/memes/de/Angry-Muslim-Guy/279.jpg,"Oh, das ist es also  /  wie ein Frauen Ohr aussieht",4,5,1
279,IN,hi,/kaggle/working/Multi3Hate/data/memes/hi/Angry-Muslim-Guy/279.jpg,ओह तो यह है  /  एक महिला के कान ऐसे दिखते हैं,5,5,1
279,MX,es,/kaggle/working/Multi3Hate/data/memes/es/Angry-Muslim-Guy/279.jpg,"Oh, así que eso es lo que  /  parecen las orejas de una mujer",5,5,1
279,US,en,/kaggle/working/Multi3Hate/data/memes/en/Angry-Muslim-Guy/279.jpg,Oh SO That's what  /  A Woman's Ears Look like,5,5,1
280,CN,zh,/kaggle/working/Multi3Hate/data/memes/zh/Muslim-Immigrant/280.jpg,穆斯林不等于恐怖主义  /  我们需要与穆斯林和平相处,1,5,0
280,DE,de,/kaggle/working/Multi3Hate/data/memes/de/Muslim-Immigrant/280.jpg,Muslime sind nicht gleich Terroristen  /  Wir brauchen Frieden mit den Muslimen,1,5,0
280,IN,hi,/kaggle/working/Multi3Hate/data/memes/hi/Muslim-Immigrant/280.jpg,मुसलमान होना आतंकवाद के बराबर नहीं है  /  हमें मुसलमानों के साथ शांति चाहिए,2,5,0
280,MX,es,/kaggle/working/Multi3Hate/data/memes/es/Muslim-Immigrant/280.jpg,Musulmán no es sinónimo de terrorismo  /  Necesitamos la paz con los musulmanes,0,5,0
280,US,en,/kaggle/working/Multi3Hate/data/memes/en/Muslim-Immigrant/280.jpg,muslim does not equal to terroism  /  we need peace with muslims,1,5,0
281,CN,zh,/kaggle/working/Multi3Hate/data/memes/zh/Angry-Muslim-Guy/281.jpg,讨厌英国人  /  搬到伦敦,5,5,1
281,DE,de,/kaggle/working/Multi3Hate/data/memes/de/Angry-Muslim-Guy/281.jpg,hasst Briten  /  zieht nach London,5,5,1
281,IN,hi,/kaggle/working/Multi3Hate/data/memes/hi/Angry-Muslim-Guy/281.jpg,ब्रिटिशों से नफरत  /  लंदन चले जाते है,5,5,1
281,MX,es,/kaggle/working/Multi3Hate/data/memes/es/Angry-Muslim-Guy/281.jpg,odio a los británicos  /  se muda a londres,5,5,1
281,US,en,/kaggle/working/Multi3Hate/data/memes/en/Angry-Muslim-Guy/281.jpg,hates british  /  moves to london,4,5,1
282,CN,zh,/kaggle/working/Multi3Hate/data/memes/zh/Policeman/282.jpg,别动！你被捕了  /  因为你制作了无法访问的材料,0,4,0
282,DE,de,/kaggle/working/Multi3Hate/data/memes/de/Policeman/282.jpg,Bleiben Sie stehen! Sie sind verhaftet  /  Wegen der Produktion nicht zugänglichen Materials,0,5,0
282,IN,hi,/kaggle/working/Multi3Hate/data/memes/hi/Policeman/282.jpg,रुको! आप गिरफ़्तार हैं  /  अप्रवेशनीय सामग्री प्रस्तुत करने के लिए,2,5,0
282,MX,es,/kaggle/working/Multi3Hate/data/memes/es/Policeman/282.jpg,¡Congelar! Estás detenido  /  Por producir material no accesible,0,5,0
282,US,en,/kaggle/working/Multi3Hate/data/memes/en/Policeman/282.jpg,Freeze! You're under arrest  /  For producing non accessible material,0,5,0
283,CN,zh,/kaggle/working/Multi3Hate/data/memes/zh/Confused-Muslim-Girl/283.jpg,你老公宁可 / 草山羊也不草你,4,5,1
283,DE,de,/kaggle/working/Multi3Hate/data/memes/de/Confused-Muslim-Girl/283.jpg,"Wenn dein Mann lieber  /  seine Ziege direkt in die Muschi ficken würde, anstatt dich",5,5,1
283,IN,hi,/kaggle/working/Multi3Hate/data/memes/hi/Confused-Muslim-Girl/283.jpg,जब आपका पति आपके बजाय / अपनी बकरी को सीधे चूत में चोदना पसंद करेगा,5,5,1
283,MX,es,/kaggle/working/Multi3Hate/data/memes/es/Confused-Muslim-Girl/283.jpg,Cuando tu marido prefiere  / follarse a su cabra por el coño en vez de a ti,3,5,1
283,US,en,/kaggle/working/Multi3Hate/data/memes/en/Confused-Muslim-Girl/283.jpg,When your husband would rather  /  fuck his goat right in the pussy instead of you,5,5,1
284,CN,zh,/kaggle/working/Multi3Hate/data/memes/zh/Obese-American/284.jpg,讨厌大政府  /  获得社会保障,4,5,1
284,DE,de,/kaggle/working/Multi3Hate/data/memes/de/Obese-American/284.jpg,hasst den großen Staat  /  bekommt Sozialhilfe,5,5,1
284,IN,hi,/kaggle/working/Multi3Hate/data/memes/hi/Obese-American/284.jpg,बड़ी सरकार से नफरत करता है  /  सामाजिक सुरक्षा लेता है,4,4,1
284,MX,es,/kaggle/working/Multi3Hate/data/memes/es/Obese-American/284.jpg,Odia al gran gobierno  /  recibe seguridad social.,3,5,1
284,US,en,/kaggle/working/Multi3Hate/data/memes/en/Obese-American/284.jpg,hates big government  /  gets social security,2,5,0
285,CN,zh,/kaggle/working/Multi3Hate/data/memes/zh/Obese-American/285.jpg,讨厌大政府  /  领取残疾人福利,5,5,1
285,DE,de,/kaggle/working/Multi3Hate/data/memes/de/Obese-American/285.jpg,hasst den Staat  /  bezieht Invalidenrente,4,5,1
285,IN,hi,/kaggle/working/Multi3Hate/data/memes/hi/Obese-American/285.jpg,बड़ी सरकार से नफरत करता है  /  विकलांगता भत्ते लेता है,4,5,1
285,MX,es,/kaggle/working/Multi3Hate/data/memes/es/Obese-American/285.jpg,odia al gran gobierno  /  cobra beneficios por discapacidad,4,5,1
285,US,en,/kaggle/working/Multi3Hate/data/memes/en/Obese-American/285.jpg,hates big government  /  collects disability benefits,4,5,1
286,CN,zh,/kaggle/working/Multi3Hate/data/memes/zh/Privilege-Abusing-White-Couple/286.jpg,婚礼日期  /  本周五,0,5,0
286,DE,de,/kaggle/working/Multi3Hate/data/memes/de/Privilege-Abusing-White-Couple/286.jpg,Hochzeitstag  /  Diesen Freitag,0,5,0
286,IN,hi,/kaggle/working/Multi3Hate/data/memes/hi/Privilege-Abusing-White-Couple/286.jpg,शादी का दिन  /  इस शुक्रवार,0,5,0
286,MX,es,/kaggle/working/Multi3Hate/data/memes/es/Privilege-Abusing-White-Couple/286.jpg,Día de la boda  /  Este viernes,0,5,0
286,US,en,/kaggle/working/Multi3Hate/data/memes/en/Privilege-Abusing-White-Couple/286.jpg,Wedding day  /  This Friday,0,5,0
287,CN,zh,/kaggle/working/Multi3Hate/data/memes/zh/Angry-Muslim-Guy/287.jpg,当你意识到  /  那是你的车,0,5,0
287,DE,de,/kaggle/working/Multi3Hate/data/memes/de/Angry-Muslim-Guy/287.jpg,Wenn du merkst  /  dass es dein Auto war,1,5,0
287,IN,hi,/kaggle/working/Multi3Hate/data/memes/hi/Angry-Muslim-Guy/287.jpg,जब आपको एहसास होता है कि  /  वह आपकी कार थी,2,5,0
287,MX,es,/kaggle/working/Multi3Hate/data/memes/es/Angry-Muslim-Guy/287.jpg,Cuando te das cuenta  /  Ese era tu auto,1,4,0
287,US,en,/kaggle/working/Multi3Hate/data/memes/en/Angry-Muslim-Guy/287.jpg,When you realize  /  That was you car,1,5,0
288,CN,zh,/kaggle/working/Multi3Hate/data/memes/zh/Jesus-Christ/288.jpg,看起来  /  这里需要我的出席,1,4,0
288,DE,de,/kaggle/working/Multi3Hate/data/memes/de/Jesus-Christ/288.jpg,"es sieht so aus, als ob  /  hier meine Anwesenheit erforderlich ist",0,5,0
288,IN,hi,/kaggle/working/Multi3Hate/data/memes/hi/Jesus-Christ/288.jpg,ऐसा लगता है कि  /  यहाँ मेरी उपस्थिति आवश्यक है,1,5,0
288,MX,es,/kaggle/working/Multi3Hate/data/memes/es/Jesus-Christ/288.jpg,parece que  /  Mi presencia es requerida aquí,0,5,0
288,US,en,/kaggle/working/Multi3Hate/data/memes/en/Jesus-Christ/288.jpg,it looks like  /  my presence is required here,0,5,0
289,CN,zh,/kaggle/working/Multi3Hate/data/memes/zh/Angry-Muslim-Guy/289.jpg,称我为操山羊的人是种族主义  /  尽管我操山羊,5,5,1
289,DE,de,/kaggle/working/Multi3Hate/data/memes/de/Angry-Muslim-Guy/289.jpg,"Es ist rassistisch, mich Ziegenficker zu nennen  /  Auch wenn ich Ziegen ficke",5,5,1
289,IN,hi,/kaggle/working/Multi3Hate/data/memes/hi/Angry-Muslim-Guy/289.jpg,मुझे बकरियों को सहलाने वाला कहना नस्लवादी है  /  भले ही मैं बकरियों को सहलाता हूँ,3,4,1
289,MX,es,/kaggle/working/Multi3Hate/data/memes/es/Angry-Muslim-Guy/289.jpg,Es racista llamarme follador de cabras  /  Aunque realmente me folle cabras,5,5,1
289,US,en,/kaggle/working/Multi3Hate/data/memes/en/Angry-Muslim-Guy/289.jpg,It's racist to call me a goat humper  /  Even though I hump goats,5,5,1
290,CN,zh,/kaggle/working/Multi3Hate/data/memes/zh/Jesus-Christ/290.jpg,耶稣正在  /  看着你,1,5,0
290,DE,de,/kaggle/working/Multi3Hate/data/memes/de/Jesus-Christ/290.jpg,JESUS  /  BEOBACHTET DICH,0,4,0
290,IN,hi,/kaggle/working/Multi3Hate/data/memes/hi/Jesus-Christ/290.jpg,यीशु  /  आप को देख रहे हैं,0,5,0
290,MX,es,/kaggle/working/Multi3Hate/data/memes/es/Jesus-Christ/290.jpg,JESÚS ESTÁ  /  VIÉNDOTE,0,5,0
290,US,en,/kaggle/working/Multi3Hate/data/memes/en/Jesus-Christ/290.jpg,JESUS IS  /  WATCHING YOU,0,5,0
291,CN,zh,/kaggle/working/Multi3Hate/data/memes/zh/Nia-China/291.jpg,嗯，实际上  /  打领带的方法如下,0,5,0
291,DE,de,/kaggle/working/Multi3Hate/data/memes/de/Nia-China/291.jpg,also eigentlich  /  so bindet man eine Krawatte,0,5,0
291,IN,hi,/kaggle/working/Multi3Hate/data/memes/hi/Nia-China/291.jpg,खैर असल में  /  इस तरह से आप टाई बांधते हैं,0,5,0
291,MX,es,/kaggle/working/Multi3Hate/data/memes/es/Nia-China/291.jpg,bueno en realidad  /  así es como se ata una corbata,0,5,0
291,US,en,/kaggle/working/Multi3Hate/data/memes/en/Nia-China/291.jpg,well actually  /  this is how you tie a tie,0,5,0
292,CN,zh,/kaggle/working/Multi3Hate/data/memes/zh/Nia-China/292.jpg,我是中国之王  /  阴道的发明者,4,5,1
292,DE,de,/kaggle/working/Multi3Hate/data/memes/de/Nia-China/292.jpg,Ich bin der König von China  /  Erfinder der Vagina,5,5,1
292,IN,hi,/kaggle/working/Multi3Hate/data/memes/hi/Nia-China/292.jpg,मैं चीन का राजा हूँ  /  योनि का आविष्कारक,4,4,1
292,MX,es,/kaggle/working/Multi3Hate/data/memes/es/Nia-China/292.jpg,Soy el rey de china  /  Inventor de la vagina,2,5,0
292,US,en,/kaggle/working/Multi3Hate/data/memes/en/Nia-China/292.jpg,I am the king of china  /  Inventer of vagina,4,5,1
293,CN,zh,/kaggle/working/Multi3Hate/data/memes/zh/Nia-China/293.jpg,运动奖学金这个，运动奖学金那个  /  这里真正得到报酬的是谁？,2,5,0
293,DE,de,/kaggle/working/Multi3Hate/data/memes/de/Nia-China/293.jpg,"Sportstipendium hier, Sportstipendium da  /  Wer wird hier wirklich bezahlt?",2,5,0
293,IN,hi,/kaggle/working/Multi3Hate/data/memes/hi/Nia-China/293.jpg,"एथलेटिक छात्रवृत्ति यह, एथलेटिक छात्रवृत्ति वह  /  यहाँ वास्तव में किसे भुगतान मिल रहा है?",4,5,1
293,MX,es,/kaggle/working/Multi3Hate/data/memes/es/Nia-China/293.jpg,"Beca atlética esto, beca atlética aquello  /  ¿a quién le pagan realmente aquí?",0,4,0
293,US,en,/kaggle/working/Multi3Hate/data/memes/en/Nia-China/293.jpg,"athletic scholarship this, athletic scholarship that  /  who's really getting paid here?",2,5,0
294,CN,zh,/kaggle/working/Multi3Hate/data/memes/zh/Nia-China/294.jpg,当你回顾人生  /  你会感到满足,0,5,0
294,DE,de,/kaggle/working/Multi3Hate/data/memes/de/Nia-China/294.jpg,Wenn du auf dein Leben zurückblickst  /  und dich erfüllt fühlst,0,5,0
294,IN,hi,/kaggle/working/Multi3Hate/data/memes/hi/Nia-China/294.jpg,जब आप जीवन में पीछे मुड़कर देखते हैं  /  और आप पूर्ण महसूस करते हैं,1,4,0
294,MX,es,/kaggle/working/Multi3Hate/data/memes/es/Nia-China/294.jpg,Cuando miras atrás en la vida  /  y te sientes realizado,0,5,0
294,US,en,/kaggle/working/Multi3Hate/data/memes/en/Nia-China/294.jpg,When you look back in life  /  and you feel fulfilled,0,5,0
295,CN,zh,/kaggle/working/Multi3Hate/data/memes/zh/Nia-China/295.jpg,当你的女朋友知道你的月经周期时  /  并给你带来一个冷却套件,0,3,0
295,DE,de,/kaggle/working/Multi3Hate/data/memes/de/Nia-China/295.jpg,Wenn deine Freundin deinen Zyklus kennt  /  und dir ein Kühlset mitbringt,0,5,0
295,IN,hi,/kaggle/working/Multi3Hate/data/memes/hi/Nia-China/295.jpg, जब आपकी गर्लफ्रेंड को आपकी साइकिल के बारे में पता हो  /  और वह आपके लिए कूलिंग किट लेकर आए,1,5,0
295,MX,es,/kaggle/working/Multi3Hate/data/memes/es/Nia-China/295.jpg,Cuando tu novia conoce tu ciclo  /  y te trae un kit refrescante,1,5,0
295,US,en,/kaggle/working/Multi3Hate/data/memes/en/Nia-China/295.jpg,When your girlfriend knows your cycle  /  and brings you a cooling kit,0,4,0
296,CN,zh,/kaggle/working/Multi3Hate/data/memes/zh/Nia-China/296.jpg,做一个好人  /  并不意味着愚蠢,0,5,0
296,DE,de,/kaggle/working/Multi3Hate/data/memes/de/Nia-China/296.jpg,"Ein netter Mensch zu sein  /  Bedeutet nicht, dumm zu sein",0,4,0
296,IN,hi,/kaggle/working/Multi3Hate/data/memes/hi/Nia-China/296.jpg,एक अच्छा इंसान बनना  /  बेवकूफ़ होना नहीं होता,0,5,0
296,MX,es,/kaggle/working/Multi3Hate/data/memes/es/Nia-China/296.jpg,Ser una buena persona  /  No significa ser estúpido,0,5,0
296,US,en,/kaggle/working/Multi3Hate/data/memes/en/Nia-China/296.jpg,Being a nice person  /  Does not mean being stupid,0,5,0
297,CN,zh,/kaggle/working/Multi3Hate/data/memes/zh/Feministfrequently/297.jpg,当你终于意识到  /  你需要更多 T 恤时,0,5,0
297,DE,de,/kaggle/working/Multi3Hate/data/memes/de/Feministfrequently/297.jpg,Wenn du endlich merkst  /  dass du mehr T-Shirts brauchst,0,5,0
297,IN,hi,/kaggle/working/Multi3Hate/data/memes/hi/Feministfrequently/297.jpg,जब आपको अंततः एहसास होता है  /  आपको और अधिक टी-शर्ट की आवश्यकता है,0,5,0
297,MX,es,/kaggle/working/Multi3Hate/data/memes/es/Feministfrequently/297.jpg,Cuando finalmente te das cuenta  /  que necesitas más camisetas,0,5,0
297,US,en,/kaggle/working/Multi3Hate/data/memes/en/Feministfrequently/297.jpg,When you finally realize  /  you need more t-shirts,0,5,0
298,CN,zh,/kaggle/working/Multi3Hate/data/memes/zh/Muslim-Immigrant/298.jpg,当炸弹爆炸得太早的时候  /  真主你这个混蛋,4,5,1
298,DE,de,/kaggle/working/Multi3Hate/data/memes/de/Muslim-Immigrant/298.jpg,wenn die Bombe zu früh hochgeht  /  ALLAH DU FOTZE,5,5,1
298,IN,hi,/kaggle/working/Multi3Hate/data/memes/hi/Muslim-Immigrant/298.jpg,जब बम बहुत जल्दी फट जाता है  /  अल्लाह तुम कुतिया,4,5,1
298,MX,es,/kaggle/working/Multi3Hate/data/memes/es/Muslim-Immigrant/298.jpg,cuando la bomba explota demasiado pronto  /  ALLAH HIJO DE PERRA,5,5,1
298,US,en,/kaggle/working/Multi3Hate/data/memes/en/Muslim-Immigrant/298.jpg,when the bomb goes off too early  /  ALLAH YOU CUNTTTTT,5,5,1
299,CN,zh,/kaggle/working/Multi3Hate/data/memes/zh/Nia-China/299.jpg,当你的皇帝  /  烧毁学校里所有的书,3,5,1
299,DE,de,/kaggle/working/Multi3Hate/data/memes/de/Nia-China/299.jpg,Wenn dein Kaiser  /  Alle Bücher in der Schule verbrennt,5,5,1
299,IN,hi,/kaggle/working/Multi3Hate/data/memes/hi/Nia-China/299.jpg,जब आपका सम्राट  /  स्कूल की सारी किताबें जला दे,4,5,1
299,MX,es,/kaggle/working/Multi3Hate/data/memes/es/Nia-China/299.jpg,Cuando tu emperador  /  quema todos los libros en la escuela.,2,5,0
299,US,en,/kaggle/working/Multi3Hate/data/memes/en/Nia-China/299.jpg,When your emperor  /  Burns all the books at school,4,4,1
